-- phpMyAdmin SQL Dump
-- version 5.2.2
-- https://www.phpmyadmin.net/
--
-- Host: mysql
-- Generation Time: Dec 23, 2025 at 06:30 AM
-- Server version: 5.7.44
-- PHP Version: 8.2.27

SET SQL_MODE = "NO_AUTO_VALUE_ON_ZERO";
START TRANSACTION;
SET time_zone = "+00:00";


/*!40101 SET @OLD_CHARACTER_SET_CLIENT=@@CHARACTER_SET_CLIENT */;
/*!40101 SET @OLD_CHARACTER_SET_RESULTS=@@CHARACTER_SET_RESULTS */;
/*!40101 SET @OLD_COLLATION_CONNECTION=@@COLLATION_CONNECTION */;
/*!40101 SET NAMES utf8mb4 */;

--
-- Database: `bike_store`
--

-- --------------------------------------------------------

--
-- Table structure for table `Dim_Date`
--

CREATE TABLE `Dim_Date` (
  `date_id` int(11) NOT NULL,
  `full_date` date DEFAULT NULL,
  `day` int(11) DEFAULT NULL,
  `month` int(11) DEFAULT NULL,
  `month_name` varchar(20) DEFAULT NULL,
  `year` int(11) DEFAULT NULL
) ENGINE=InnoDB DEFAULT CHARSET=latin1;

--
-- Dumping data for table `Dim_Date`
--

INSERT INTO `Dim_Date` (`date_id`, `full_date`, `day`, `month`, `month_name`, `year`) VALUES
(1, '2016-01-01', 1, 1, 'January', 2016),
(2, '2016-01-02', 2, 1, 'January', 2016),
(3, '2016-01-03', 3, 1, 'January', 2016),
(4, '2016-01-04', 4, 1, 'January', 2016),
(5, '2016-01-05', 5, 1, 'January', 2016),
(6, '2016-01-06', 6, 1, 'January', 2016),
(7, '2016-01-08', 8, 1, 'January', 2016),
(8, '2016-01-09', 9, 1, 'January', 2016),
(9, '2016-01-12', 12, 1, 'January', 2016),
(10, '2016-01-14', 14, 1, 'January', 2016),
(11, '2016-01-15', 15, 1, 'January', 2016),
(12, '2016-01-16', 16, 1, 'January', 2016),
(13, '2016-01-18', 18, 1, 'January', 2016),
(14, '2016-01-19', 19, 1, 'January', 2016),
(15, '2016-01-20', 20, 1, 'January', 2016),
(16, '2016-01-21', 21, 1, 'January', 2016),
(17, '2016-01-22', 22, 1, 'January', 2016),
(18, '2016-01-23', 23, 1, 'January', 2016),
(19, '2016-01-25', 25, 1, 'January', 2016),
(20, '2016-01-27', 27, 1, 'January', 2016),
(21, '2016-01-28', 28, 1, 'January', 2016),
(22, '2016-01-29', 29, 1, 'January', 2016),
(23, '2016-01-30', 30, 1, 'January', 2016),
(24, '2016-01-31', 31, 1, 'January', 2016),
(25, '2016-02-01', 1, 2, 'February', 2016),
(26, '2016-02-03', 3, 2, 'February', 2016),
(27, '2016-02-04', 4, 2, 'February', 2016),
(28, '2016-02-05', 5, 2, 'February', 2016),
(29, '2016-02-06', 6, 2, 'February', 2016),
(30, '2016-02-07', 7, 2, 'February', 2016),
(31, '2016-02-08', 8, 2, 'February', 2016),
(32, '2016-02-09', 9, 2, 'February', 2016),
(33, '2016-02-10', 10, 2, 'February', 2016),
(34, '2016-02-11', 11, 2, 'February', 2016),
(35, '2016-02-12', 12, 2, 'February', 2016),
(36, '2016-02-13', 13, 2, 'February', 2016),
(37, '2016-02-14', 14, 2, 'February', 2016),
(38, '2016-02-16', 16, 2, 'February', 2016),
(39, '2016-02-17', 17, 2, 'February', 2016),
(40, '2016-02-18', 18, 2, 'February', 2016),
(41, '2016-02-19', 19, 2, 'February', 2016),
(42, '2016-02-20', 20, 2, 'February', 2016),
(43, '2016-02-21', 21, 2, 'February', 2016),
(44, '2016-02-23', 23, 2, 'February', 2016),
(45, '2016-02-25', 25, 2, 'February', 2016),
(46, '2016-02-26', 26, 2, 'February', 2016),
(47, '2016-02-27', 27, 2, 'February', 2016),
(48, '2016-02-28', 28, 2, 'February', 2016),
(49, '2016-02-29', 29, 2, 'February', 2016),
(50, '2016-03-01', 1, 3, 'March', 2016),
(51, '2016-03-02', 2, 3, 'March', 2016),
(52, '2016-03-03', 3, 3, 'March', 2016),
(53, '2016-03-04', 4, 3, 'March', 2016),
(54, '2016-03-06', 6, 3, 'March', 2016),
(55, '2016-03-07', 7, 3, 'March', 2016),
(56, '2016-03-08', 8, 3, 'March', 2016),
(57, '2016-03-09', 9, 3, 'March', 2016),
(58, '2016-03-10', 10, 3, 'March', 2016),
(59, '2016-03-12', 12, 3, 'March', 2016),
(60, '2016-03-14', 14, 3, 'March', 2016),
(61, '2016-03-15', 15, 3, 'March', 2016),
(62, '2016-03-16', 16, 3, 'March', 2016),
(63, '2016-03-17', 17, 3, 'March', 2016),
(64, '2016-03-18', 18, 3, 'March', 2016),
(65, '2016-03-19', 19, 3, 'March', 2016),
(66, '2016-03-20', 20, 3, 'March', 2016),
(67, '2016-03-21', 21, 3, 'March', 2016),
(68, '2016-03-23', 23, 3, 'March', 2016),
(69, '2016-03-25', 25, 3, 'March', 2016),
(70, '2016-03-26', 26, 3, 'March', 2016),
(71, '2016-03-27', 27, 3, 'March', 2016),
(72, '2016-03-28', 28, 3, 'March', 2016),
(73, '2016-03-29', 29, 3, 'March', 2016),
(74, '2016-03-30', 30, 3, 'March', 2016),
(75, '2016-03-31', 31, 3, 'March', 2016),
(76, '2016-04-02', 2, 4, 'April', 2016),
(77, '2016-04-03', 3, 4, 'April', 2016),
(78, '2016-04-04', 4, 4, 'April', 2016),
(79, '2016-04-06', 6, 4, 'April', 2016),
(80, '2016-04-07', 7, 4, 'April', 2016),
(81, '2016-04-08', 8, 4, 'April', 2016),
(82, '2016-04-09', 9, 4, 'April', 2016),
(83, '2016-04-10', 10, 4, 'April', 2016),
(84, '2016-04-11', 11, 4, 'April', 2016),
(85, '2016-04-12', 12, 4, 'April', 2016),
(86, '2016-04-13', 13, 4, 'April', 2016),
(87, '2016-04-15', 15, 4, 'April', 2016),
(88, '2016-04-16', 16, 4, 'April', 2016),
(89, '2016-04-17', 17, 4, 'April', 2016),
(90, '2016-04-18', 18, 4, 'April', 2016),
(91, '2016-04-19', 19, 4, 'April', 2016),
(92, '2016-04-20', 20, 4, 'April', 2016),
(93, '2016-04-21', 21, 4, 'April', 2016),
(94, '2016-04-22', 22, 4, 'April', 2016),
(95, '2016-04-23', 23, 4, 'April', 2016),
(96, '2016-04-27', 27, 4, 'April', 2016),
(97, '2016-04-28', 28, 4, 'April', 2016),
(98, '2016-04-30', 30, 4, 'April', 2016),
(99, '2016-05-01', 1, 5, 'May', 2016),
(100, '2016-05-03', 3, 5, 'May', 2016),
(101, '2016-05-04', 4, 5, 'May', 2016),
(102, '2016-05-05', 5, 5, 'May', 2016),
(103, '2016-05-06', 6, 5, 'May', 2016),
(104, '2016-05-07', 7, 5, 'May', 2016),
(105, '2016-05-08', 8, 5, 'May', 2016),
(106, '2016-05-10', 10, 5, 'May', 2016),
(107, '2016-05-11', 11, 5, 'May', 2016),
(108, '2016-05-12', 12, 5, 'May', 2016),
(109, '2016-05-13', 13, 5, 'May', 2016),
(110, '2016-05-15', 15, 5, 'May', 2016),
(111, '2016-05-17', 17, 5, 'May', 2016),
(112, '2016-05-19', 19, 5, 'May', 2016),
(113, '2016-05-20', 20, 5, 'May', 2016),
(114, '2016-05-21', 21, 5, 'May', 2016),
(115, '2016-05-22', 22, 5, 'May', 2016),
(116, '2016-05-24', 24, 5, 'May', 2016),
(117, '2016-05-25', 25, 5, 'May', 2016),
(118, '2016-05-26', 26, 5, 'May', 2016),
(119, '2016-05-27', 27, 5, 'May', 2016),
(120, '2016-05-28', 28, 5, 'May', 2016),
(121, '2016-05-29', 29, 5, 'May', 2016),
(122, '2016-05-30', 30, 5, 'May', 2016),
(123, '2016-06-01', 1, 6, 'June', 2016),
(124, '2016-06-02', 2, 6, 'June', 2016),
(125, '2016-06-03', 3, 6, 'June', 2016),
(126, '2016-06-04', 4, 6, 'June', 2016),
(127, '2016-06-05', 5, 6, 'June', 2016),
(128, '2016-06-06', 6, 6, 'June', 2016),
(129, '2016-06-08', 8, 6, 'June', 2016),
(130, '2016-06-09', 9, 6, 'June', 2016),
(131, '2016-06-10', 10, 6, 'June', 2016),
(132, '2016-06-11', 11, 6, 'June', 2016),
(133, '2016-06-12', 12, 6, 'June', 2016),
(134, '2016-06-13', 13, 6, 'June', 2016),
(135, '2016-06-15', 15, 6, 'June', 2016),
(136, '2016-06-16', 16, 6, 'June', 2016),
(137, '2016-06-17', 17, 6, 'June', 2016),
(138, '2016-06-18', 18, 6, 'June', 2016),
(139, '2016-06-19', 19, 6, 'June', 2016),
(140, '2016-06-20', 20, 6, 'June', 2016),
(141, '2016-06-21', 21, 6, 'June', 2016),
(142, '2016-06-22', 22, 6, 'June', 2016),
(143, '2016-06-23', 23, 6, 'June', 2016),
(144, '2016-06-25', 25, 6, 'June', 2016),
(145, '2016-06-27', 27, 6, 'June', 2016),
(146, '2016-06-28', 28, 6, 'June', 2016),
(147, '2016-06-29', 29, 6, 'June', 2016),
(148, '2016-06-30', 30, 6, 'June', 2016),
(149, '2016-07-01', 1, 7, 'July', 2016),
(150, '2016-07-04', 4, 7, 'July', 2016),
(151, '2016-07-05', 5, 7, 'July', 2016),
(152, '2016-07-06', 6, 7, 'July', 2016),
(153, '2016-07-07', 7, 7, 'July', 2016),
(154, '2016-07-09', 9, 7, 'July', 2016),
(155, '2016-07-11', 11, 7, 'July', 2016),
(156, '2016-07-12', 12, 7, 'July', 2016),
(157, '2016-07-13', 13, 7, 'July', 2016),
(158, '2016-07-14', 14, 7, 'July', 2016),
(159, '2016-07-15', 15, 7, 'July', 2016),
(160, '2016-07-16', 16, 7, 'July', 2016),
(161, '2016-07-17', 17, 7, 'July', 2016),
(162, '2016-07-18', 18, 7, 'July', 2016),
(163, '2016-07-19', 19, 7, 'July', 2016),
(164, '2016-07-20', 20, 7, 'July', 2016),
(165, '2016-07-21', 21, 7, 'July', 2016),
(166, '2016-07-23', 23, 7, 'July', 2016),
(167, '2016-07-24', 24, 7, 'July', 2016),
(168, '2016-07-25', 25, 7, 'July', 2016),
(169, '2016-07-26', 26, 7, 'July', 2016),
(170, '2016-07-28', 28, 7, 'July', 2016),
(171, '2016-07-29', 29, 7, 'July', 2016),
(172, '2016-07-31', 31, 7, 'July', 2016),
(173, '2016-08-01', 1, 8, 'August', 2016),
(174, '2016-08-02', 2, 8, 'August', 2016),
(175, '2016-08-03', 3, 8, 'August', 2016),
(176, '2016-08-04', 4, 8, 'August', 2016),
(177, '2016-08-05', 5, 8, 'August', 2016),
(178, '2016-08-07', 7, 8, 'August', 2016),
(179, '2016-08-08', 8, 8, 'August', 2016),
(180, '2016-08-09', 9, 8, 'August', 2016),
(181, '2016-08-11', 11, 8, 'August', 2016),
(182, '2016-08-12', 12, 8, 'August', 2016),
(183, '2016-08-13', 13, 8, 'August', 2016),
(184, '2016-08-14', 14, 8, 'August', 2016),
(185, '2016-08-15', 15, 8, 'August', 2016),
(186, '2016-08-16', 16, 8, 'August', 2016),
(187, '2016-08-17', 17, 8, 'August', 2016),
(188, '2016-08-18', 18, 8, 'August', 2016),
(189, '2016-08-19', 19, 8, 'August', 2016),
(190, '2016-08-20', 20, 8, 'August', 2016),
(191, '2016-08-21', 21, 8, 'August', 2016),
(192, '2016-08-22', 22, 8, 'August', 2016),
(193, '2016-08-23', 23, 8, 'August', 2016),
(194, '2016-08-25', 25, 8, 'August', 2016),
(195, '2016-08-26', 26, 8, 'August', 2016),
(196, '2016-08-27', 27, 8, 'August', 2016),
(197, '2016-08-28', 28, 8, 'August', 2016),
(198, '2016-08-29', 29, 8, 'August', 2016),
(199, '2016-08-30', 30, 8, 'August', 2016),
(200, '2016-08-31', 31, 8, 'August', 2016),
(201, '2016-09-01', 1, 9, 'September', 2016),
(202, '2016-09-02', 2, 9, 'September', 2016),
(203, '2016-09-03', 3, 9, 'September', 2016),
(204, '2016-09-04', 4, 9, 'September', 2016),
(205, '2016-09-05', 5, 9, 'September', 2016),
(206, '2016-09-06', 6, 9, 'September', 2016),
(207, '2016-09-08', 8, 9, 'September', 2016),
(208, '2016-09-09', 9, 9, 'September', 2016),
(209, '2016-09-10', 10, 9, 'September', 2016),
(210, '2016-09-11', 11, 9, 'September', 2016),
(211, '2016-09-12', 12, 9, 'September', 2016),
(212, '2016-09-13', 13, 9, 'September', 2016),
(213, '2016-09-14', 14, 9, 'September', 2016),
(214, '2016-09-16', 16, 9, 'September', 2016),
(215, '2016-09-17', 17, 9, 'September', 2016),
(216, '2016-09-18', 18, 9, 'September', 2016),
(217, '2016-09-19', 19, 9, 'September', 2016),
(218, '2016-09-20', 20, 9, 'September', 2016),
(219, '2016-09-21', 21, 9, 'September', 2016),
(220, '2016-09-22', 22, 9, 'September', 2016),
(221, '2016-09-23', 23, 9, 'September', 2016),
(222, '2016-09-24', 24, 9, 'September', 2016),
(223, '2016-09-25', 25, 9, 'September', 2016),
(224, '2016-09-26', 26, 9, 'September', 2016),
(225, '2016-09-27', 27, 9, 'September', 2016),
(226, '2016-09-28', 28, 9, 'September', 2016),
(227, '2016-09-29', 29, 9, 'September', 2016),
(228, '2016-09-30', 30, 9, 'September', 2016),
(229, '2016-10-01', 1, 10, 'October', 2016),
(230, '2016-10-02', 2, 10, 'October', 2016),
(231, '2016-10-03', 3, 10, 'October', 2016),
(232, '2016-10-04', 4, 10, 'October', 2016),
(233, '2016-10-05', 5, 10, 'October', 2016),
(234, '2016-10-06', 6, 10, 'October', 2016),
(235, '2016-10-07', 7, 10, 'October', 2016),
(236, '2016-10-08', 8, 10, 'October', 2016),
(237, '2016-10-09', 9, 10, 'October', 2016),
(238, '2016-10-10', 10, 10, 'October', 2016),
(239, '2016-10-11', 11, 10, 'October', 2016),
(240, '2016-10-12', 12, 10, 'October', 2016),
(241, '2016-10-13', 13, 10, 'October', 2016),
(242, '2016-10-14', 14, 10, 'October', 2016),
(243, '2016-10-15', 15, 10, 'October', 2016),
(244, '2016-10-16', 16, 10, 'October', 2016),
(245, '2016-10-17', 17, 10, 'October', 2016),
(246, '2016-10-18', 18, 10, 'October', 2016),
(247, '2016-10-19', 19, 10, 'October', 2016),
(248, '2016-10-21', 21, 10, 'October', 2016),
(249, '2016-10-22', 22, 10, 'October', 2016),
(250, '2016-10-23', 23, 10, 'October', 2016),
(251, '2016-10-24', 24, 10, 'October', 2016),
(252, '2016-10-25', 25, 10, 'October', 2016),
(253, '2016-10-26', 26, 10, 'October', 2016),
(254, '2016-10-27', 27, 10, 'October', 2016),
(255, '2016-10-28', 28, 10, 'October', 2016),
(256, '2016-10-29', 29, 10, 'October', 2016),
(257, '2016-10-31', 31, 10, 'October', 2016),
(258, '2016-11-02', 2, 11, 'November', 2016),
(259, '2016-11-03', 3, 11, 'November', 2016),
(260, '2016-11-04', 4, 11, 'November', 2016),
(261, '2016-11-06', 6, 11, 'November', 2016),
(262, '2016-11-08', 8, 11, 'November', 2016),
(263, '2016-11-09', 9, 11, 'November', 2016),
(264, '2016-11-11', 11, 11, 'November', 2016),
(265, '2016-11-12', 12, 11, 'November', 2016),
(266, '2016-11-13', 13, 11, 'November', 2016),
(267, '2016-11-14', 14, 11, 'November', 2016),
(268, '2016-11-15', 15, 11, 'November', 2016),
(269, '2016-11-16', 16, 11, 'November', 2016),
(270, '2016-11-18', 18, 11, 'November', 2016),
(271, '2016-11-19', 19, 11, 'November', 2016),
(272, '2016-11-20', 20, 11, 'November', 2016),
(273, '2016-11-21', 21, 11, 'November', 2016),
(274, '2016-11-22', 22, 11, 'November', 2016),
(275, '2016-11-23', 23, 11, 'November', 2016),
(276, '2016-11-24', 24, 11, 'November', 2016),
(277, '2016-11-26', 26, 11, 'November', 2016),
(278, '2016-11-27', 27, 11, 'November', 2016),
(279, '2016-11-30', 30, 11, 'November', 2016),
(280, '2016-12-03', 3, 12, 'December', 2016),
(281, '2016-12-04', 4, 12, 'December', 2016),
(282, '2016-12-06', 6, 12, 'December', 2016),
(283, '2016-12-07', 7, 12, 'December', 2016),
(284, '2016-12-08', 8, 12, 'December', 2016),
(285, '2016-12-09', 9, 12, 'December', 2016),
(286, '2016-12-10', 10, 12, 'December', 2016),
(287, '2016-12-11', 11, 12, 'December', 2016),
(288, '2016-12-12', 12, 12, 'December', 2016),
(289, '2016-12-13', 13, 12, 'December', 2016),
(290, '2016-12-15', 15, 12, 'December', 2016),
(291, '2016-12-16', 16, 12, 'December', 2016),
(292, '2016-12-17', 17, 12, 'December', 2016),
(293, '2016-12-18', 18, 12, 'December', 2016),
(294, '2016-12-19', 19, 12, 'December', 2016),
(295, '2016-12-20', 20, 12, 'December', 2016),
(296, '2016-12-21', 21, 12, 'December', 2016),
(297, '2016-12-22', 22, 12, 'December', 2016),
(298, '2016-12-23', 23, 12, 'December', 2016),
(299, '2016-12-24', 24, 12, 'December', 2016),
(300, '2016-12-25', 25, 12, 'December', 2016),
(301, '2016-12-26', 26, 12, 'December', 2016),
(302, '2016-12-27', 27, 12, 'December', 2016),
(303, '2016-12-28', 28, 12, 'December', 2016),
(304, '2016-12-29', 29, 12, 'December', 2016),
(305, '2016-12-30', 30, 12, 'December', 2016),
(306, '2017-01-03', 3, 1, 'January', 2017),
(307, '2017-01-04', 4, 1, 'January', 2017),
(308, '2017-01-06', 6, 1, 'January', 2017),
(309, '2017-01-07', 7, 1, 'January', 2017),
(310, '2017-01-08', 8, 1, 'January', 2017),
(311, '2017-01-09', 9, 1, 'January', 2017),
(312, '2017-01-10', 10, 1, 'January', 2017),
(313, '2017-01-11', 11, 1, 'January', 2017),
(314, '2017-01-12', 12, 1, 'January', 2017),
(315, '2017-01-14', 14, 1, 'January', 2017),
(316, '2017-01-16', 16, 1, 'January', 2017),
(317, '2017-01-17', 17, 1, 'January', 2017),
(318, '2017-01-18', 18, 1, 'January', 2017),
(319, '2017-01-19', 19, 1, 'January', 2017),
(320, '2017-01-20', 20, 1, 'January', 2017),
(321, '2017-01-21', 21, 1, 'January', 2017),
(322, '2017-01-22', 22, 1, 'January', 2017),
(323, '2017-01-23', 23, 1, 'January', 2017),
(324, '2017-01-24', 24, 1, 'January', 2017),
(325, '2017-01-25', 25, 1, 'January', 2017),
(326, '2017-01-26', 26, 1, 'January', 2017),
(327, '2017-01-27', 27, 1, 'January', 2017),
(328, '2017-01-28', 28, 1, 'January', 2017),
(329, '2017-01-29', 29, 1, 'January', 2017),
(330, '2017-01-31', 31, 1, 'January', 2017),
(331, '2017-02-01', 1, 2, 'February', 2017),
(332, '2017-02-02', 2, 2, 'February', 2017),
(333, '2017-02-03', 3, 2, 'February', 2017),
(334, '2017-02-04', 4, 2, 'February', 2017),
(335, '2017-02-05', 5, 2, 'February', 2017),
(336, '2017-02-06', 6, 2, 'February', 2017),
(337, '2017-02-07', 7, 2, 'February', 2017),
(338, '2017-02-08', 8, 2, 'February', 2017),
(339, '2017-02-09', 9, 2, 'February', 2017),
(340, '2017-02-10', 10, 2, 'February', 2017),
(341, '2017-02-11', 11, 2, 'February', 2017),
(342, '2017-02-13', 13, 2, 'February', 2017),
(343, '2017-02-14', 14, 2, 'February', 2017),
(344, '2017-02-15', 15, 2, 'February', 2017),
(345, '2017-02-16', 16, 2, 'February', 2017),
(346, '2017-02-18', 18, 2, 'February', 2017),
(347, '2017-02-19', 19, 2, 'February', 2017),
(348, '2017-02-20', 20, 2, 'February', 2017),
(349, '2017-02-21', 21, 2, 'February', 2017),
(350, '2017-02-25', 25, 2, 'February', 2017),
(351, '2017-02-26', 26, 2, 'February', 2017),
(352, '2017-02-27', 27, 2, 'February', 2017),
(353, '2017-02-28', 28, 2, 'February', 2017),
(354, '2017-03-01', 1, 3, 'March', 2017),
(355, '2017-03-02', 2, 3, 'March', 2017),
(356, '2017-03-03', 3, 3, 'March', 2017),
(357, '2017-03-04', 4, 3, 'March', 2017),
(358, '2017-03-05', 5, 3, 'March', 2017),
(359, '2017-03-06', 6, 3, 'March', 2017),
(360, '2017-03-07', 7, 3, 'March', 2017),
(361, '2017-03-08', 8, 3, 'March', 2017),
(362, '2017-03-09', 9, 3, 'March', 2017),
(363, '2017-03-11', 11, 3, 'March', 2017),
(364, '2017-03-12', 12, 3, 'March', 2017),
(365, '2017-03-13', 13, 3, 'March', 2017),
(366, '2017-03-15', 15, 3, 'March', 2017),
(367, '2017-03-16', 16, 3, 'March', 2017),
(368, '2017-03-18', 18, 3, 'March', 2017),
(369, '2017-03-19', 19, 3, 'March', 2017),
(370, '2017-03-20', 20, 3, 'March', 2017),
(371, '2017-03-22', 22, 3, 'March', 2017),
(372, '2017-03-23', 23, 3, 'March', 2017),
(373, '2017-03-24', 24, 3, 'March', 2017),
(374, '2017-03-26', 26, 3, 'March', 2017),
(375, '2017-03-27', 27, 3, 'March', 2017),
(376, '2017-03-28', 28, 3, 'March', 2017),
(377, '2017-03-29', 29, 3, 'March', 2017),
(378, '2017-03-30', 30, 3, 'March', 2017),
(379, '2017-03-31', 31, 3, 'March', 2017),
(380, '2017-04-01', 1, 4, 'April', 2017),
(381, '2017-04-02', 2, 4, 'April', 2017),
(382, '2017-04-03', 3, 4, 'April', 2017),
(383, '2017-04-04', 4, 4, 'April', 2017),
(384, '2017-04-05', 5, 4, 'April', 2017),
(385, '2017-04-06', 6, 4, 'April', 2017),
(386, '2017-04-07', 7, 4, 'April', 2017),
(387, '2017-04-09', 9, 4, 'April', 2017),
(388, '2017-04-11', 11, 4, 'April', 2017),
(389, '2017-04-12', 12, 4, 'April', 2017),
(390, '2017-04-13', 13, 4, 'April', 2017),
(391, '2017-04-14', 14, 4, 'April', 2017),
(392, '2017-04-15', 15, 4, 'April', 2017),
(393, '2017-04-16', 16, 4, 'April', 2017),
(394, '2017-04-17', 17, 4, 'April', 2017),
(395, '2017-04-18', 18, 4, 'April', 2017),
(396, '2017-04-19', 19, 4, 'April', 2017),
(397, '2017-04-20', 20, 4, 'April', 2017),
(398, '2017-04-21', 21, 4, 'April', 2017),
(399, '2017-04-22', 22, 4, 'April', 2017),
(400, '2017-04-23', 23, 4, 'April', 2017),
(401, '2017-04-24', 24, 4, 'April', 2017),
(402, '2017-04-25', 25, 4, 'April', 2017),
(403, '2017-04-27', 27, 4, 'April', 2017),
(404, '2017-04-28', 28, 4, 'April', 2017),
(405, '2017-04-29', 29, 4, 'April', 2017),
(406, '2017-05-01', 1, 5, 'May', 2017),
(407, '2017-05-02', 2, 5, 'May', 2017),
(408, '2017-05-03', 3, 5, 'May', 2017),
(409, '2017-05-04', 4, 5, 'May', 2017),
(410, '2017-05-05', 5, 5, 'May', 2017),
(411, '2017-05-06', 6, 5, 'May', 2017),
(412, '2017-05-07', 7, 5, 'May', 2017),
(413, '2017-05-08', 8, 5, 'May', 2017),
(414, '2017-05-09', 9, 5, 'May', 2017),
(415, '2017-05-11', 11, 5, 'May', 2017),
(416, '2017-05-13', 13, 5, 'May', 2017),
(417, '2017-05-14', 14, 5, 'May', 2017),
(418, '2017-05-15', 15, 5, 'May', 2017),
(419, '2017-05-16', 16, 5, 'May', 2017),
(420, '2017-05-18', 18, 5, 'May', 2017),
(421, '2017-05-19', 19, 5, 'May', 2017),
(422, '2017-05-20', 20, 5, 'May', 2017),
(423, '2017-05-21', 21, 5, 'May', 2017),
(424, '2017-05-22', 22, 5, 'May', 2017),
(425, '2017-05-23', 23, 5, 'May', 2017),
(426, '2017-05-24', 24, 5, 'May', 2017),
(427, '2017-05-25', 25, 5, 'May', 2017),
(428, '2017-05-26', 26, 5, 'May', 2017),
(429, '2017-05-27', 27, 5, 'May', 2017),
(430, '2017-05-28', 28, 5, 'May', 2017),
(431, '2017-05-29', 29, 5, 'May', 2017),
(432, '2017-05-30', 30, 5, 'May', 2017),
(433, '2017-05-31', 31, 5, 'May', 2017),
(434, '2017-06-02', 2, 6, 'June', 2017),
(435, '2017-06-03', 3, 6, 'June', 2017),
(436, '2017-06-05', 5, 6, 'June', 2017),
(437, '2017-06-07', 7, 6, 'June', 2017),
(438, '2017-06-09', 9, 6, 'June', 2017),
(439, '2017-06-10', 10, 6, 'June', 2017),
(440, '2017-06-11', 11, 6, 'June', 2017),
(441, '2017-06-12', 12, 6, 'June', 2017),
(442, '2017-06-13', 13, 6, 'June', 2017),
(443, '2017-06-14', 14, 6, 'June', 2017),
(444, '2017-06-15', 15, 6, 'June', 2017),
(445, '2017-06-16', 16, 6, 'June', 2017),
(446, '2017-06-17', 17, 6, 'June', 2017),
(447, '2017-06-18', 18, 6, 'June', 2017),
(448, '2017-06-19', 19, 6, 'June', 2017),
(449, '2017-06-20', 20, 6, 'June', 2017),
(450, '2017-06-21', 21, 6, 'June', 2017),
(451, '2017-06-22', 22, 6, 'June', 2017),
(452, '2017-06-23', 23, 6, 'June', 2017),
(453, '2017-06-24', 24, 6, 'June', 2017),
(454, '2017-06-25', 25, 6, 'June', 2017),
(455, '2017-06-26', 26, 6, 'June', 2017),
(456, '2017-06-27', 27, 6, 'June', 2017),
(457, '2017-06-30', 30, 6, 'June', 2017),
(458, '2017-07-02', 2, 7, 'July', 2017),
(459, '2017-07-04', 4, 7, 'July', 2017),
(460, '2017-07-06', 6, 7, 'July', 2017),
(461, '2017-07-07', 7, 7, 'July', 2017),
(462, '2017-07-09', 9, 7, 'July', 2017),
(463, '2017-07-11', 11, 7, 'July', 2017),
(464, '2017-07-12', 12, 7, 'July', 2017),
(465, '2017-07-13', 13, 7, 'July', 2017),
(466, '2017-07-14', 14, 7, 'July', 2017),
(467, '2017-07-15', 15, 7, 'July', 2017),
(468, '2017-07-16', 16, 7, 'July', 2017),
(469, '2017-07-18', 18, 7, 'July', 2017),
(470, '2017-07-19', 19, 7, 'July', 2017),
(471, '2017-07-20', 20, 7, 'July', 2017),
(472, '2017-07-22', 22, 7, 'July', 2017),
(473, '2017-07-23', 23, 7, 'July', 2017),
(474, '2017-07-26', 26, 7, 'July', 2017),
(475, '2017-07-27', 27, 7, 'July', 2017),
(476, '2017-07-29', 29, 7, 'July', 2017),
(477, '2017-07-30', 30, 7, 'July', 2017),
(478, '2017-07-31', 31, 7, 'July', 2017),
(479, '2017-08-02', 2, 8, 'August', 2017),
(480, '2017-08-04', 4, 8, 'August', 2017),
(481, '2017-08-06', 6, 8, 'August', 2017),
(482, '2017-08-07', 7, 8, 'August', 2017),
(483, '2017-08-08', 8, 8, 'August', 2017),
(484, '2017-08-09', 9, 8, 'August', 2017),
(485, '2017-08-10', 10, 8, 'August', 2017),
(486, '2017-08-11', 11, 8, 'August', 2017),
(487, '2017-08-12', 12, 8, 'August', 2017),
(488, '2017-08-13', 13, 8, 'August', 2017),
(489, '2017-08-14', 14, 8, 'August', 2017),
(490, '2017-08-15', 15, 8, 'August', 2017),
(491, '2017-08-16', 16, 8, 'August', 2017),
(492, '2017-08-17', 17, 8, 'August', 2017),
(493, '2017-08-18', 18, 8, 'August', 2017),
(494, '2017-08-19', 19, 8, 'August', 2017),
(495, '2017-08-20', 20, 8, 'August', 2017),
(496, '2017-08-21', 21, 8, 'August', 2017),
(497, '2017-08-22', 22, 8, 'August', 2017),
(498, '2017-08-23', 23, 8, 'August', 2017),
(499, '2017-08-24', 24, 8, 'August', 2017),
(500, '2017-08-25', 25, 8, 'August', 2017),
(501, '2017-08-26', 26, 8, 'August', 2017),
(502, '2017-08-27', 27, 8, 'August', 2017),
(503, '2017-08-28', 28, 8, 'August', 2017),
(504, '2017-08-29', 29, 8, 'August', 2017),
(505, '2017-08-31', 31, 8, 'August', 2017),
(506, '2017-09-01', 1, 9, 'September', 2017),
(507, '2017-09-02', 2, 9, 'September', 2017),
(508, '2017-09-03', 3, 9, 'September', 2017),
(509, '2017-09-04', 4, 9, 'September', 2017),
(510, '2017-09-05', 5, 9, 'September', 2017),
(511, '2017-09-06', 6, 9, 'September', 2017),
(512, '2017-09-07', 7, 9, 'September', 2017),
(513, '2017-09-08', 8, 9, 'September', 2017),
(514, '2017-09-10', 10, 9, 'September', 2017),
(515, '2017-09-11', 11, 9, 'September', 2017),
(516, '2017-09-12', 12, 9, 'September', 2017),
(517, '2017-09-13', 13, 9, 'September', 2017),
(518, '2017-09-14', 14, 9, 'September', 2017),
(519, '2017-09-15', 15, 9, 'September', 2017),
(520, '2017-09-17', 17, 9, 'September', 2017),
(521, '2017-09-18', 18, 9, 'September', 2017),
(522, '2017-09-19', 19, 9, 'September', 2017),
(523, '2017-09-20', 20, 9, 'September', 2017),
(524, '2017-09-21', 21, 9, 'September', 2017),
(525, '2017-09-22', 22, 9, 'September', 2017),
(526, '2017-09-23', 23, 9, 'September', 2017),
(527, '2017-09-24', 24, 9, 'September', 2017),
(528, '2017-09-25', 25, 9, 'September', 2017),
(529, '2017-09-27', 27, 9, 'September', 2017),
(530, '2017-09-28', 28, 9, 'September', 2017),
(531, '2017-09-29', 29, 9, 'September', 2017),
(532, '2017-09-30', 30, 9, 'September', 2017),
(533, '2017-10-01', 1, 10, 'October', 2017),
(534, '2017-10-02', 2, 10, 'October', 2017),
(535, '2017-10-03', 3, 10, 'October', 2017),
(536, '2017-10-04', 4, 10, 'October', 2017),
(537, '2017-10-05', 5, 10, 'October', 2017),
(538, '2017-10-07', 7, 10, 'October', 2017),
(539, '2017-10-08', 8, 10, 'October', 2017),
(540, '2017-10-09', 9, 10, 'October', 2017),
(541, '2017-10-10', 10, 10, 'October', 2017),
(542, '2017-10-12', 12, 10, 'October', 2017),
(543, '2017-10-13', 13, 10, 'October', 2017),
(544, '2017-10-14', 14, 10, 'October', 2017),
(545, '2017-10-15', 15, 10, 'October', 2017),
(546, '2017-10-16', 16, 10, 'October', 2017),
(547, '2017-10-17', 17, 10, 'October', 2017),
(548, '2017-10-19', 19, 10, 'October', 2017),
(549, '2017-10-21', 21, 10, 'October', 2017),
(550, '2017-10-22', 22, 10, 'October', 2017),
(551, '2017-10-23', 23, 10, 'October', 2017),
(552, '2017-10-24', 24, 10, 'October', 2017),
(553, '2017-10-25', 25, 10, 'October', 2017),
(554, '2017-10-26', 26, 10, 'October', 2017),
(555, '2017-10-27', 27, 10, 'October', 2017),
(556, '2017-10-28', 28, 10, 'October', 2017),
(557, '2017-10-30', 30, 10, 'October', 2017),
(558, '2017-10-31', 31, 10, 'October', 2017),
(559, '2017-11-01', 1, 11, 'November', 2017),
(560, '2017-11-02', 2, 11, 'November', 2017),
(561, '2017-11-03', 3, 11, 'November', 2017),
(562, '2017-11-04', 4, 11, 'November', 2017),
(563, '2017-11-05', 5, 11, 'November', 2017),
(564, '2017-11-06', 6, 11, 'November', 2017),
(565, '2017-11-07', 7, 11, 'November', 2017),
(566, '2017-11-08', 8, 11, 'November', 2017),
(567, '2017-11-09', 9, 11, 'November', 2017),
(568, '2017-11-10', 10, 11, 'November', 2017),
(569, '2017-11-11', 11, 11, 'November', 2017),
(570, '2017-11-12', 12, 11, 'November', 2017),
(571, '2017-11-13', 13, 11, 'November', 2017),
(572, '2017-11-16', 16, 11, 'November', 2017),
(573, '2017-11-17', 17, 11, 'November', 2017),
(574, '2017-11-18', 18, 11, 'November', 2017),
(575, '2017-11-19', 19, 11, 'November', 2017),
(576, '2017-11-20', 20, 11, 'November', 2017),
(577, '2017-11-21', 21, 11, 'November', 2017),
(578, '2017-11-22', 22, 11, 'November', 2017),
(579, '2017-11-23', 23, 11, 'November', 2017),
(580, '2017-11-24', 24, 11, 'November', 2017),
(581, '2017-11-25', 25, 11, 'November', 2017),
(582, '2017-11-26', 26, 11, 'November', 2017),
(583, '2017-11-27', 27, 11, 'November', 2017),
(584, '2017-11-28', 28, 11, 'November', 2017),
(585, '2017-11-29', 29, 11, 'November', 2017),
(586, '2017-11-30', 30, 11, 'November', 2017),
(587, '2017-12-01', 1, 12, 'December', 2017),
(588, '2017-12-02', 2, 12, 'December', 2017),
(589, '2017-12-03', 3, 12, 'December', 2017),
(590, '2017-12-04', 4, 12, 'December', 2017),
(591, '2017-12-07', 7, 12, 'December', 2017),
(592, '2017-12-08', 8, 12, 'December', 2017),
(593, '2017-12-09', 9, 12, 'December', 2017),
(594, '2017-12-10', 10, 12, 'December', 2017),
(595, '2017-12-11', 11, 12, 'December', 2017),
(596, '2017-12-14', 14, 12, 'December', 2017),
(597, '2017-12-15', 15, 12, 'December', 2017),
(598, '2017-12-16', 16, 12, 'December', 2017),
(599, '2017-12-17', 17, 12, 'December', 2017),
(600, '2017-12-20', 20, 12, 'December', 2017),
(601, '2017-12-22', 22, 12, 'December', 2017),
(602, '2017-12-24', 24, 12, 'December', 2017),
(603, '2017-12-25', 25, 12, 'December', 2017),
(604, '2017-12-26', 26, 12, 'December', 2017),
(605, '2017-12-27', 27, 12, 'December', 2017),
(606, '2017-12-28', 28, 12, 'December', 2017),
(607, '2017-12-30', 30, 12, 'December', 2017),
(608, '2017-12-31', 31, 12, 'December', 2017),
(609, '2018-01-01', 1, 1, 'January', 2018),
(610, '2018-01-02', 2, 1, 'January', 2018),
(611, '2018-01-04', 4, 1, 'January', 2018),
(612, '2018-01-05', 5, 1, 'January', 2018),
(613, '2018-01-06', 6, 1, 'January', 2018),
(614, '2018-01-07', 7, 1, 'January', 2018),
(615, '2018-01-09', 9, 1, 'January', 2018),
(616, '2018-01-10', 10, 1, 'January', 2018),
(617, '2018-01-11', 11, 1, 'January', 2018),
(618, '2018-01-12', 12, 1, 'January', 2018),
(619, '2018-01-13', 13, 1, 'January', 2018),
(620, '2018-01-14', 14, 1, 'January', 2018),
(621, '2018-01-15', 15, 1, 'January', 2018),
(622, '2018-01-16', 16, 1, 'January', 2018),
(623, '2018-01-17', 17, 1, 'January', 2018),
(624, '2018-01-19', 19, 1, 'January', 2018),
(625, '2018-01-20', 20, 1, 'January', 2018),
(626, '2018-01-21', 21, 1, 'January', 2018),
(627, '2018-01-22', 22, 1, 'January', 2018),
(628, '2018-01-23', 23, 1, 'January', 2018),
(629, '2018-01-24', 24, 1, 'January', 2018),
(630, '2018-01-25', 25, 1, 'January', 2018),
(631, '2018-01-26', 26, 1, 'January', 2018),
(632, '2018-01-27', 27, 1, 'January', 2018),
(633, '2018-01-28', 28, 1, 'January', 2018),
(634, '2018-01-29', 29, 1, 'January', 2018),
(635, '2018-01-30', 30, 1, 'January', 2018),
(636, '2018-02-01', 1, 2, 'February', 2018),
(637, '2018-02-02', 2, 2, 'February', 2018),
(638, '2018-02-05', 5, 2, 'February', 2018),
(639, '2018-02-06', 6, 2, 'February', 2018),
(640, '2018-02-07', 7, 2, 'February', 2018),
(641, '2018-02-08', 8, 2, 'February', 2018),
(642, '2018-02-09', 9, 2, 'February', 2018),
(643, '2018-02-11', 11, 2, 'February', 2018),
(644, '2018-02-12', 12, 2, 'February', 2018),
(645, '2018-02-13', 13, 2, 'February', 2018),
(646, '2018-02-14', 14, 2, 'February', 2018),
(647, '2018-02-15', 15, 2, 'February', 2018),
(648, '2018-02-16', 16, 2, 'February', 2018),
(649, '2018-02-17', 17, 2, 'February', 2018),
(650, '2018-02-18', 18, 2, 'February', 2018),
(651, '2018-02-19', 19, 2, 'February', 2018),
(652, '2018-02-21', 21, 2, 'February', 2018),
(653, '2018-02-23', 23, 2, 'February', 2018),
(654, '2018-02-25', 25, 2, 'February', 2018),
(655, '2018-02-26', 26, 2, 'February', 2018),
(656, '2018-02-27', 27, 2, 'February', 2018),
(657, '2018-03-01', 1, 3, 'March', 2018),
(658, '2018-03-03', 3, 3, 'March', 2018),
(659, '2018-03-04', 4, 3, 'March', 2018),
(660, '2018-03-05', 5, 3, 'March', 2018),
(661, '2018-03-06', 6, 3, 'March', 2018),
(662, '2018-03-07', 7, 3, 'March', 2018),
(663, '2018-03-08', 8, 3, 'March', 2018),
(664, '2018-03-10', 10, 3, 'March', 2018),
(665, '2018-03-11', 11, 3, 'March', 2018),
(666, '2018-03-14', 14, 3, 'March', 2018),
(667, '2018-03-15', 15, 3, 'March', 2018),
(668, '2018-03-16', 16, 3, 'March', 2018),
(669, '2018-03-17', 17, 3, 'March', 2018),
(670, '2018-03-18', 18, 3, 'March', 2018),
(671, '2018-03-19', 19, 3, 'March', 2018),
(672, '2018-03-20', 20, 3, 'March', 2018),
(673, '2018-03-21', 21, 3, 'March', 2018),
(674, '2018-03-22', 22, 3, 'March', 2018),
(675, '2018-03-23', 23, 3, 'March', 2018),
(676, '2018-03-24', 24, 3, 'March', 2018),
(677, '2018-03-25', 25, 3, 'March', 2018),
(678, '2018-03-26', 26, 3, 'March', 2018),
(679, '2018-03-27', 27, 3, 'March', 2018),
(680, '2018-03-28', 28, 3, 'March', 2018),
(681, '2018-03-29', 29, 3, 'March', 2018),
(682, '2018-03-30', 30, 3, 'March', 2018),
(683, '2018-03-31', 31, 3, 'March', 2018),
(684, '2018-04-01', 1, 4, 'April', 2018),
(685, '2018-04-02', 2, 4, 'April', 2018),
(686, '2018-04-03', 3, 4, 'April', 2018),
(687, '2018-04-04', 4, 4, 'April', 2018),
(688, '2018-04-05', 5, 4, 'April', 2018),
(689, '2018-04-06', 6, 4, 'April', 2018),
(690, '2018-04-07', 7, 4, 'April', 2018),
(691, '2018-04-08', 8, 4, 'April', 2018),
(692, '2018-04-09', 9, 4, 'April', 2018),
(693, '2018-04-10', 10, 4, 'April', 2018),
(694, '2018-04-11', 11, 4, 'April', 2018),
(695, '2018-04-12', 12, 4, 'April', 2018),
(696, '2018-04-13', 13, 4, 'April', 2018),
(697, '2018-04-14', 14, 4, 'April', 2018),
(698, '2018-04-15', 15, 4, 'April', 2018),
(699, '2018-04-16', 16, 4, 'April', 2018),
(700, '2018-04-17', 17, 4, 'April', 2018),
(701, '2018-04-18', 18, 4, 'April', 2018),
(702, '2018-04-19', 19, 4, 'April', 2018),
(703, '2018-04-20', 20, 4, 'April', 2018),
(704, '2018-04-21', 21, 4, 'April', 2018),
(705, '2018-04-22', 22, 4, 'April', 2018),
(706, '2018-04-23', 23, 4, 'April', 2018),
(707, '2018-04-24', 24, 4, 'April', 2018),
(708, '2018-04-25', 25, 4, 'April', 2018),
(709, '2018-04-26', 26, 4, 'April', 2018),
(710, '2018-04-27', 27, 4, 'April', 2018),
(711, '2018-04-28', 28, 4, 'April', 2018),
(712, '2018-04-29', 29, 4, 'April', 2018),
(713, '2018-04-30', 30, 4, 'April', 2018),
(714, '2018-06-17', 17, 6, 'June', 2018),
(715, '2018-07-01', 1, 7, 'July', 2018),
(716, '2018-07-10', 10, 7, 'July', 2018),
(717, '2018-07-11', 11, 7, 'July', 2018),
(718, '2018-07-12', 12, 7, 'July', 2018),
(719, '2018-08-23', 23, 8, 'August', 2018),
(720, '2018-08-25', 25, 8, 'August', 2018),
(721, '2018-09-06', 6, 9, 'September', 2018),
(722, '2018-10-21', 21, 10, 'October', 2018),
(723, '2018-11-18', 18, 11, 'November', 2018),
(724, '2018-11-28', 28, 11, 'November', 2018),
(725, '2018-12-28', 28, 12, 'December', 2018);

-- --------------------------------------------------------

--
-- Table structure for table `Dim_Product`
--

CREATE TABLE `Dim_Product` (
  `product_id` int(11) NOT NULL,
  `product_name` varchar(200) DEFAULT NULL,
  `brand_name` varchar(100) DEFAULT NULL,
  `category_name` varchar(100) DEFAULT NULL,
  `model_year` int(11) DEFAULT NULL,
  `list_price` decimal(10,2) DEFAULT NULL
) ENGINE=InnoDB DEFAULT CHARSET=latin1;

--
-- Dumping data for table `Dim_Product`
--

INSERT INTO `Dim_Product` (`product_id`, `product_name`, `brand_name`, `category_name`, `model_year`, `list_price`) VALUES
(1, 'Trek 820 - 2016', 'Trek', 'Mountain Bikes', 2016, 379.99),
(2, 'Ritchey Timberwolf Frameset - 2016', 'Ritchey', 'Mountain Bikes', 2016, 749.99),
(3, 'Surly Wednesday Frameset - 2016', 'Surly', 'Mountain Bikes', 2016, 999.99),
(4, 'Trek Fuel EX 8 29 - 2016', 'Trek', 'Mountain Bikes', 2016, 2899.99),
(5, 'Heller Shagamaw Frame - 2016', 'Heller', 'Mountain Bikes', 2016, 1320.99),
(6, 'Surly Ice Cream Truck Frameset - 2016', 'Surly', 'Mountain Bikes', 2016, 469.99),
(7, 'Trek Slash 8 27.5 - 2016', 'Trek', 'Mountain Bikes', 2016, 3999.99),
(8, 'Trek Remedy 29 Carbon Frameset - 2016', 'Trek', 'Mountain Bikes', 2016, 1799.99),
(9, 'Trek Conduit+ - 2016', 'Trek', 'Electric Bikes', 2016, 2999.99),
(10, 'Surly Straggler - 2016', 'Surly', 'Cyclocross Bicycles', 2016, 1549.00),
(11, 'Surly Straggler 650b - 2016', 'Surly', 'Cyclocross Bicycles', 2016, 1680.99),
(12, 'Electra Townie Original 21D - 2016', 'Electra', 'Cruisers Bicycles', 2016, 549.99),
(13, 'Electra Cruiser 1 (24-Inch) - 2016', 'Electra', 'Cruisers Bicycles', 2016, 269.99),
(14, 'Electra Girl\'s Hawaii 1 (16-inch) - 2015/2016', 'Electra', 'Cruisers Bicycles', 2016, 269.99),
(15, 'Electra Moto 1 - 2016', 'Electra', 'Cruisers Bicycles', 2016, 529.99),
(16, 'Electra Townie Original 7D EQ - 2016', 'Electra', 'Cruisers Bicycles', 2016, 599.99),
(17, 'Pure Cycles Vine 8-Speed - 2016', 'Pure Cycles', 'Cruisers Bicycles', 2016, 429.00),
(18, 'Pure Cycles Western 3-Speed - Women\'s - 2015/2016', 'Pure Cycles', 'Cruisers Bicycles', 2016, 449.00),
(19, 'Pure Cycles William 3-Speed - 2016', 'Pure Cycles', 'Cruisers Bicycles', 2016, 449.00),
(20, 'Electra Townie Original 7D EQ - Women\'s - 2016', 'Electra', 'Cruisers Bicycles', 2016, 599.99),
(21, 'Electra Cruiser 1 (24-Inch) - 2016', 'Electra', 'Children Bicycles', 2016, 269.99),
(22, 'Electra Girl\'s Hawaii 1 (16-inch) - 2015/2016', 'Electra', 'Children Bicycles', 2016, 269.99),
(23, 'Electra Girl\'s Hawaii 1 (20-inch) - 2015/2016', 'Electra', 'Children Bicycles', 2016, 299.99),
(24, 'Electra Townie Original 21D - 2016', 'Electra', 'Comfort Bicycles', 2016, 549.99),
(25, 'Electra Townie Original 7D - 2015/2016', 'Electra', 'Comfort Bicycles', 2016, 499.99),
(26, 'Electra Townie Original 7D EQ - 2016', 'Electra', 'Comfort Bicycles', 2016, 599.99),
(27, 'Surly Big Dummy Frameset - 2017', 'Surly', 'Mountain Bikes', 2017, 999.99),
(28, 'Surly Karate Monkey 27.5+ Frameset - 2017', 'Surly', 'Mountain Bikes', 2017, 2499.99),
(29, 'Trek X-Caliber 8 - 2017', 'Trek', 'Mountain Bikes', 2017, 999.99),
(30, 'Surly Ice Cream Truck Frameset - 2017', 'Surly', 'Mountain Bikes', 2017, 999.99),
(31, 'Surly Wednesday - 2017', 'Surly', 'Mountain Bikes', 2017, 1632.99),
(32, 'Trek Farley Alloy Frameset - 2017', 'Trek', 'Mountain Bikes', 2017, 469.99),
(33, 'Surly Wednesday Frameset - 2017', 'Surly', 'Mountain Bikes', 2017, 469.99),
(34, 'Trek Session DH 27.5 Carbon Frameset - 2017', 'Trek', 'Mountain Bikes', 2017, 469.99),
(35, 'Sun Bicycles Spider 3i - 2017', 'Sun Bicycles', 'Mountain Bikes', 2017, 832.99),
(36, 'Surly Troll Frameset - 2017', 'Surly', 'Mountain Bikes', 2017, 832.99),
(37, 'Haro Flightline One ST - 2017', 'Haro', 'Mountain Bikes', 2017, 379.99),
(38, 'Haro Flightline Two 26 Plus - 2017', 'Haro', 'Mountain Bikes', 2017, 549.99),
(39, 'Trek Stache 5 - 2017', 'Trek', 'Mountain Bikes', 2017, 1499.99),
(40, 'Trek Fuel EX 9.8 29 - 2017', 'Trek', 'Mountain Bikes', 2017, 4999.99),
(41, 'Haro Shift R3 - 2017', 'Haro', 'Mountain Bikes', 2017, 1469.99),
(42, 'Trek Fuel EX 5 27.5 Plus - 2017', 'Trek', 'Mountain Bikes', 2017, 2299.99),
(43, 'Trek Fuel EX 9.8 27.5 Plus - 2017', 'Trek', 'Mountain Bikes', 2017, 5299.99),
(44, 'Haro SR 1.1 - 2017', 'Haro', 'Mountain Bikes', 2017, 539.99),
(45, 'Haro SR 1.2 - 2017', 'Haro', 'Mountain Bikes', 2017, 869.99),
(46, 'Haro SR 1.3 - 2017', 'Haro', 'Mountain Bikes', 2017, 1409.99),
(47, 'Trek Remedy 9.8 - 2017', 'Trek', 'Mountain Bikes', 2017, 5299.99),
(48, 'Trek Emonda S 4 - 2017', 'Trek', 'Road Bikes', 2017, 1499.99),
(49, 'Trek Domane SL 6 - 2017', 'Trek', 'Road Bikes', 2017, 3499.99),
(50, 'Trek Silque SLR 7 Women\'s - 2017', 'Trek', 'Road Bikes', 2017, 5999.99),
(51, 'Trek Silque SLR 8 Women\'s - 2017', 'Trek', 'Road Bikes', 2017, 6499.99),
(52, 'Surly Steamroller - 2017', 'Surly', 'Road Bikes', 2017, 875.99),
(53, 'Surly Ogre Frameset - 2017', 'Surly', 'Road Bikes', 2017, 749.99),
(54, 'Trek Domane SL Disc Frameset - 2017', 'Trek', 'Road Bikes', 2017, 3199.99),
(55, 'Trek Domane S 6 - 2017', 'Trek', 'Road Bikes', 2017, 2699.99),
(56, 'Trek Domane SLR 6 Disc - 2017', 'Trek', 'Road Bikes', 2017, 5499.99),
(57, 'Trek Emonda S 5 - 2017', 'Trek', 'Road Bikes', 2017, 1999.99),
(58, 'Trek Madone 9.2 - 2017', 'Trek', 'Road Bikes', 2017, 4999.99),
(59, 'Trek Domane S 5 Disc - 2017', 'Trek', 'Road Bikes', 2017, 2599.99),
(60, 'Sun Bicycles ElectroLite - 2017', 'Sun Bicycles', 'Electric Bikes', 2017, 1559.99),
(61, 'Trek Powerfly 8 FS Plus - 2017', 'Trek', 'Electric Bikes', 2017, 4999.99),
(62, 'Trek Boone 7 - 2017', 'Trek', 'Cyclocross Bicycles', 2017, 3499.99),
(63, 'Trek Boone Race Shop Limited - 2017', 'Trek', 'Cyclocross Bicycles', 2017, 3499.99),
(64, 'Electra Townie Original 7D - 2017', 'Electra', 'Cruisers Bicycles', 2017, 489.99),
(65, 'Sun Bicycles Lil Bolt Type-R - 2017', 'Sun Bicycles', 'Cruisers Bicycles', 2017, 346.99),
(66, 'Sun Bicycles Revolutions 24 - 2017', 'Sun Bicycles', 'Cruisers Bicycles', 2017, 250.99),
(67, 'Sun Bicycles Revolutions 24 - Girl\'s - 2017', 'Sun Bicycles', 'Cruisers Bicycles', 2017, 250.99),
(68, 'Sun Bicycles Cruz 3 - 2017', 'Sun Bicycles', 'Cruisers Bicycles', 2017, 449.99),
(69, 'Sun Bicycles Cruz 7 - 2017', 'Sun Bicycles', 'Cruisers Bicycles', 2017, 416.99),
(70, 'Electra Amsterdam Original 3i - 2015/2017', 'Electra', 'Cruisers Bicycles', 2017, 659.99),
(71, 'Sun Bicycles Atlas X-Type - 2017', 'Sun Bicycles', 'Cruisers Bicycles', 2017, 416.99),
(72, 'Sun Bicycles Biscayne Tandem 7 - 2017', 'Sun Bicycles', 'Cruisers Bicycles', 2017, 619.99),
(73, 'Sun Bicycles Brickell Tandem 7 - 2017', 'Sun Bicycles', 'Cruisers Bicycles', 2017, 749.99),
(74, 'Electra Cruiser Lux 1 - 2017', 'Electra', 'Cruisers Bicycles', 2017, 439.99),
(75, 'Electra Cruiser Lux Fat Tire 1 Ladies - 2017', 'Electra', 'Cruisers Bicycles', 2017, 599.99),
(76, 'Electra Girl\'s Hawaii 1 16\" - 2017', 'Electra', 'Cruisers Bicycles', 2017, 299.99),
(77, 'Electra Glam Punk 3i Ladies\' - 2017', 'Electra', 'Cruisers Bicycles', 2017, 799.99),
(78, 'Sun Bicycles Biscayne Tandem CB - 2017', 'Sun Bicycles', 'Cruisers Bicycles', 2017, 647.99),
(79, 'Sun Bicycles Boardwalk (24-inch Wheels) - 2017', 'Sun Bicycles', 'Cruisers Bicycles', 2017, 402.99),
(80, 'Sun Bicycles Brickell Tandem CB - 2017', 'Sun Bicycles', 'Cruisers Bicycles', 2017, 761.99),
(81, 'Electra Amsterdam Fashion 7i Ladies\' - 2017', 'Electra', 'Cruisers Bicycles', 2017, 1099.99),
(82, 'Electra Amsterdam Original 3i Ladies\' - 2017', 'Electra', 'Cruisers Bicycles', 2017, 659.99),
(83, 'Trek Boy\'s Kickster - 2015/2017', 'Trek', 'Children Bicycles', 2017, 149.99),
(84, 'Sun Bicycles Lil Kitt\'n - 2017', 'Sun Bicycles', 'Children Bicycles', 2017, 109.99),
(85, 'Haro Downtown 16 - 2017', 'Haro', 'Children Bicycles', 2017, 329.99),
(86, 'Trek Girl\'s Kickster - 2017', 'Trek', 'Children Bicycles', 2017, 149.99),
(87, 'Trek Precaliber 12 Boys - 2017', 'Trek', 'Children Bicycles', 2017, 189.99),
(88, 'Trek Precaliber 12 Girls - 2017', 'Trek', 'Children Bicycles', 2017, 189.99),
(89, 'Trek Precaliber 16 Boys - 2017', 'Trek', 'Children Bicycles', 2017, 209.99),
(90, 'Trek Precaliber 16 Girls - 2017', 'Trek', 'Children Bicycles', 2017, 209.99),
(91, 'Trek Precaliber 24 (21-Speed) - Girls - 2017', 'Trek', 'Children Bicycles', 2017, 349.99),
(92, 'Haro Shredder 20 - 2017', 'Haro', 'Children Bicycles', 2017, 209.99),
(93, 'Haro Shredder 20 Girls - 2017', 'Haro', 'Children Bicycles', 2017, 209.99),
(94, 'Haro Shredder Pro 20 - 2017', 'Haro', 'Children Bicycles', 2017, 249.99),
(95, 'Electra Girl\'s Hawaii 1 16\" - 2017', 'Electra', 'Children Bicycles', 2017, 299.99),
(96, 'Electra Moto 3i (20-inch) - Boy\'s - 2017', 'Electra', 'Children Bicycles', 2017, 349.99),
(97, 'Electra Savannah 3i (20-inch) - Girl\'s - 2017', 'Electra', 'Children Bicycles', 2017, 349.99),
(98, 'Electra Straight 8 3i (20-inch) - Boy\'s - 2017', 'Electra', 'Children Bicycles', 2017, 489.99),
(99, 'Electra Sugar Skulls 1 (20-inch) - Girl\'s - 2017', 'Electra', 'Children Bicycles', 2017, 299.99),
(100, 'Electra Townie 3i EQ (20-inch) - Boys\' - 2017', 'Electra', 'Children Bicycles', 2017, 489.99),
(101, 'Electra Townie 7D (20-inch) - Boys\' - 2017', 'Electra', 'Children Bicycles', 2017, 339.99),
(102, 'Electra Townie Original 7D - 2017', 'Electra', 'Comfort Bicycles', 2017, 489.99),
(103, 'Sun Bicycles Streamway 3 - 2017', 'Sun Bicycles', 'Comfort Bicycles', 2017, 551.99),
(104, 'Sun Bicycles Streamway - 2017', 'Sun Bicycles', 'Comfort Bicycles', 2017, 481.99),
(105, 'Sun Bicycles Streamway 7 - 2017', 'Sun Bicycles', 'Comfort Bicycles', 2017, 533.99),
(106, 'Sun Bicycles Cruz 3 - 2017', 'Sun Bicycles', 'Comfort Bicycles', 2017, 449.99),
(107, 'Sun Bicycles Cruz 7 - 2017', 'Sun Bicycles', 'Comfort Bicycles', 2017, 416.99),
(108, 'Sun Bicycles Cruz 3 - Women\'s - 2017', 'Sun Bicycles', 'Comfort Bicycles', 2017, 449.99),
(109, 'Sun Bicycles Cruz 7 - Women\'s - 2017', 'Sun Bicycles', 'Comfort Bicycles', 2017, 416.99),
(110, 'Sun Bicycles Drifter 7 - 2017', 'Sun Bicycles', 'Comfort Bicycles', 2017, 470.99),
(111, 'Sun Bicycles Drifter 7 - Women\'s - 2017', 'Sun Bicycles', 'Comfort Bicycles', 2017, 470.99),
(112, 'Trek 820 - 2018', 'Trek', 'Mountain Bikes', 2018, 379.99),
(113, 'Trek Marlin 5 - 2018', 'Trek', 'Mountain Bikes', 2018, 489.99),
(114, 'Trek Marlin 6 - 2018', 'Trek', 'Mountain Bikes', 2018, 579.99),
(115, 'Trek Fuel EX 8 29 - 2018', 'Trek', 'Mountain Bikes', 2018, 3199.99),
(116, 'Trek Marlin 7 - 2017/2018', 'Trek', 'Mountain Bikes', 2018, 749.99),
(117, 'Trek Ticket S Frame - 2018', 'Trek', 'Mountain Bikes', 2018, 1469.99),
(118, 'Trek X-Caliber 8 - 2018', 'Trek', 'Mountain Bikes', 2018, 999.99),
(119, 'Trek Kids\' Neko - 2018', 'Trek', 'Mountain Bikes', 2018, 469.99),
(120, 'Trek Fuel EX 7 29 - 2018', 'Trek', 'Mountain Bikes', 2018, 2499.99),
(121, 'Surly Krampus Frameset - 2018', 'Surly', 'Mountain Bikes', 2018, 2499.99),
(122, 'Surly Troll Frameset - 2018', 'Surly', 'Mountain Bikes', 2018, 2499.99),
(123, 'Trek Farley Carbon Frameset - 2018', 'Trek', 'Mountain Bikes', 2018, 999.99),
(124, 'Surly Krampus - 2018', 'Surly', 'Mountain Bikes', 2018, 1499.00),
(125, 'Trek Kids\' Dual Sport - 2018', 'Trek', 'Mountain Bikes', 2018, 469.99),
(126, 'Surly Big Fat Dummy Frameset - 2018', 'Surly', 'Mountain Bikes', 2018, 469.99),
(127, 'Surly Pack Rat Frameset - 2018', 'Surly', 'Mountain Bikes', 2018, 469.99),
(128, 'Surly ECR 27.5 - 2018', 'Surly', 'Mountain Bikes', 2018, 1899.00),
(129, 'Trek X-Caliber 7 - 2018', 'Trek', 'Mountain Bikes', 2018, 919.99),
(130, 'Trek Stache Carbon Frameset - 2018', 'Trek', 'Mountain Bikes', 2018, 919.99),
(131, 'Heller Bloodhound Trail - 2018', 'Heller', 'Mountain Bikes', 2018, 2599.00),
(132, 'Trek Procal AL Frameset - 2018', 'Trek', 'Mountain Bikes', 2018, 1499.99),
(133, 'Trek Procaliber Frameset - 2018', 'Trek', 'Mountain Bikes', 2018, 1499.99),
(134, 'Trek Remedy 27.5 C Frameset - 2018', 'Trek', 'Mountain Bikes', 2018, 1499.99),
(135, 'Trek X-Caliber Frameset - 2018', 'Trek', 'Mountain Bikes', 2018, 1499.99),
(136, 'Trek Procaliber 6 - 2018', 'Trek', 'Mountain Bikes', 2018, 1799.99),
(137, 'Heller Shagamaw GX1 - 2018', 'Heller', 'Mountain Bikes', 2018, 2599.00),
(138, 'Trek Fuel EX 5 Plus - 2018', 'Trek', 'Mountain Bikes', 2018, 2249.99),
(139, 'Trek Remedy 7 27.5 - 2018', 'Trek', 'Mountain Bikes', 2018, 2999.99),
(140, 'Trek Remedy 9.8 27.5 - 2018', 'Trek', 'Mountain Bikes', 2018, 4999.99),
(141, 'Trek Stache 5 - 2018', 'Trek', 'Mountain Bikes', 2018, 1599.99),
(142, 'Trek Fuel EX 8 29 XT - 2018', 'Trek', 'Mountain Bikes', 2018, 3199.99),
(143, 'Trek Domane ALR 3 - 2018', 'Trek', 'Road Bikes', 2018, 1099.99),
(144, 'Trek Domane ALR 4 Disc - 2018', 'Trek', 'Road Bikes', 2018, 1549.99),
(145, 'Trek Domane ALR 5 Disc - 2018', 'Trek', 'Road Bikes', 2018, 1799.99),
(146, 'Trek Domane SLR 6 - 2018', 'Trek', 'Road Bikes', 2018, 4999.99),
(147, 'Trek Domane ALR 5 Gravel - 2018', 'Trek', 'Road Bikes', 2018, 1799.99),
(148, 'Trek Domane SL 8 Disc - 2018', 'Trek', 'Road Bikes', 2018, 5499.99),
(149, 'Trek Domane SLR 8 Disc - 2018', 'Trek', 'Road Bikes', 2018, 7499.99),
(150, 'Trek Emonda SL 7 - 2018', 'Trek', 'Road Bikes', 2018, 4499.99),
(151, 'Trek Domane ALR 4 Disc Women\'s - 2018', 'Trek', 'Road Bikes', 2018, 1549.99),
(152, 'Trek Domane SL 5 Disc Women\'s - 2018', 'Trek', 'Road Bikes', 2018, 2499.99),
(153, 'Trek Domane SL 7 Women\'s - 2018', 'Trek', 'Road Bikes', 2018, 4999.99),
(154, 'Trek Domane SLR 6 Disc Women\'s - 2018', 'Trek', 'Road Bikes', 2018, 5499.99),
(155, 'Trek Domane SLR 9 Disc - 2018', 'Trek', 'Road Bikes', 2018, 11999.99),
(156, 'Trek Domane SL Frameset - 2018', 'Trek', 'Road Bikes', 2018, 6499.99),
(157, 'Trek Domane SL Frameset Women\'s - 2018', 'Trek', 'Road Bikes', 2018, 6499.99),
(158, 'Trek CrossRip 1 - 2018', 'Trek', 'Road Bikes', 2018, 959.99),
(159, 'Trek Emonda ALR 6 - 2018', 'Trek', 'Road Bikes', 2018, 2299.99),
(160, 'Trek Emonda SLR 6 - 2018', 'Trek', 'Road Bikes', 2018, 4499.99),
(161, 'Surly ECR - 2018', 'Surly', 'Road Bikes', 2018, 1899.00),
(162, 'Trek Emonda SL 6 Disc - 2018', 'Trek', 'Road Bikes', 2018, 2999.99),
(163, 'Surly Pack Rat - 2018', 'Surly', 'Road Bikes', 2018, 1349.00),
(164, 'Surly Straggler 650b - 2018', 'Surly', 'Road Bikes', 2018, 1549.00),
(165, 'Trek 1120 - 2018', 'Trek', 'Road Bikes', 2018, 2499.99),
(166, 'Trek Domane AL 2 Women\'s - 2018', 'Trek', 'Road Bikes', 2018, 749.99),
(167, 'Surly ECR Frameset - 2018', 'Surly', 'Road Bikes', 2018, 749.99),
(168, 'Surly Straggler - 2018', 'Surly', 'Road Bikes', 2018, 1549.00),
(169, 'Trek Emonda SLR 8 - 2018', 'Trek', 'Road Bikes', 2018, 6499.99),
(170, 'Trek CrossRip 2 - 2018', 'Trek', 'Road Bikes', 2018, 1299.99),
(171, 'Trek Domane SL 6 - 2018', 'Trek', 'Road Bikes', 2018, 3199.99),
(172, 'Trek Domane ALR Disc Frameset - 2018', 'Trek', 'Road Bikes', 2018, 3199.99),
(173, 'Trek Domane ALR Frameset - 2018', 'Trek', 'Road Bikes', 2018, 3199.99),
(174, 'Trek Domane SLR Disc Frameset - 2018', 'Trek', 'Road Bikes', 2018, 3199.99),
(175, 'Trek Domane SLR Frameset - 2018', 'Trek', 'Road Bikes', 2018, 3199.99),
(176, 'Trek Madone 9 Frameset - 2018', 'Trek', 'Road Bikes', 2018, 3199.99),
(177, 'Trek Domane SLR 6 Disc - 2018', 'Trek', 'Road Bikes', 2018, 5499.99),
(178, 'Trek Domane AL 2 - 2018', 'Trek', 'Road Bikes', 2018, 749.99),
(179, 'Trek Domane AL 3 - 2018', 'Trek', 'Road Bikes', 2018, 919.99),
(180, 'Trek Domane AL 3 Women\'s - 2018', 'Trek', 'Road Bikes', 2018, 919.99),
(181, 'Trek Domane SL 5 - 2018', 'Trek', 'Road Bikes', 2018, 2199.99),
(182, 'Trek Domane SL 5 Disc - 2018', 'Trek', 'Road Bikes', 2018, 2499.99),
(183, 'Trek Domane SL 5 Women\'s - 2018', 'Trek', 'Road Bikes', 2018, 2199.99),
(184, 'Trek Domane SL 6 Disc - 2018', 'Trek', 'Road Bikes', 2018, 3499.99),
(185, 'Trek Conduit+ - 2018', 'Trek', 'Electric Bikes', 2018, 2799.99),
(186, 'Trek CrossRip+ - 2018', 'Trek', 'Electric Bikes', 2018, 4499.99),
(187, 'Trek Neko+ - 2018', 'Trek', 'Electric Bikes', 2018, 2799.99),
(188, 'Trek XM700+ Lowstep - 2018', 'Trek', 'Electric Bikes', 2018, 3499.99),
(189, 'Trek Lift+ Lowstep - 2018', 'Trek', 'Electric Bikes', 2018, 2799.99),
(190, 'Trek Dual Sport+ - 2018', 'Trek', 'Electric Bikes', 2018, 2799.99),
(191, 'Electra Loft Go! 8i - 2018', 'Electra', 'Electric Bikes', 2018, 2799.99),
(192, 'Electra Townie Go! 8i - 2017/2018', 'Electra', 'Electric Bikes', 2018, 2599.99),
(193, 'Trek Lift+ - 2018', 'Trek', 'Electric Bikes', 2018, 2799.99),
(194, 'Trek XM700+ - 2018', 'Trek', 'Electric Bikes', 2018, 3499.99),
(195, 'Electra Townie Go! 8i Ladies\' - 2018', 'Electra', 'Electric Bikes', 2018, 2599.99),
(196, 'Trek Verve+ - 2018', 'Trek', 'Electric Bikes', 2018, 2299.99),
(197, 'Trek Verve+ Lowstep - 2018', 'Trek', 'Electric Bikes', 2018, 2299.99),
(198, 'Electra Townie Commute Go! - 2018', 'Electra', 'Electric Bikes', 2018, 2999.99),
(199, 'Electra Townie Commute Go! Ladies\' - 2018', 'Electra', 'Electric Bikes', 2018, 2999.99),
(200, 'Trek Powerfly 5 - 2018', 'Trek', 'Electric Bikes', 2018, 3499.99),
(201, 'Trek Powerfly 5 FS - 2018', 'Trek', 'Electric Bikes', 2018, 4499.99),
(202, 'Trek Powerfly 5 Women\'s - 2018', 'Trek', 'Electric Bikes', 2018, 3499.99),
(203, 'Trek Powerfly 7 FS - 2018', 'Trek', 'Electric Bikes', 2018, 4999.99),
(204, 'Trek Super Commuter+ 7 - 2018', 'Trek', 'Electric Bikes', 2018, 3599.99),
(205, 'Trek Super Commuter+ 8S - 2018', 'Trek', 'Electric Bikes', 2018, 4999.99),
(206, 'Trek Boone 5 Disc - 2018', 'Trek', 'Cyclocross Bicycles', 2018, 3299.99),
(207, 'Trek Boone 7 Disc - 2018', 'Trek', 'Cyclocross Bicycles', 2018, 3999.99),
(208, 'Trek Crockett 5 Disc - 2018', 'Trek', 'Cyclocross Bicycles', 2018, 1799.99),
(209, 'Trek Crockett 7 Disc - 2018', 'Trek', 'Cyclocross Bicycles', 2018, 2999.99),
(210, 'Surly Straggler - 2018', 'Surly', 'Cyclocross Bicycles', 2018, 1549.00),
(211, 'Surly Straggler 650b - 2018', 'Surly', 'Cyclocross Bicycles', 2018, 1549.00),
(212, 'Electra Townie Original 21D - 2018', 'Electra', 'Cruisers Bicycles', 2018, 559.99),
(213, 'Electra Cruiser 1 - 2016/2017/2018', 'Electra', 'Cruisers Bicycles', 2018, 269.99),
(214, 'Electra Tiger Shark 3i - 2018', 'Electra', 'Cruisers Bicycles', 2018, 899.99),
(215, 'Electra Queen of Hearts 3i - 2018', 'Electra', 'Cruisers Bicycles', 2018, 749.99),
(216, 'Electra Super Moto 8i - 2018', 'Electra', 'Cruisers Bicycles', 2018, 899.99),
(217, 'Electra Straight 8 3i - 2018', 'Electra', 'Cruisers Bicycles', 2018, 909.99),
(218, 'Electra Cruiser 7D - 2016/2017/2018', 'Electra', 'Cruisers Bicycles', 2018, 319.99),
(219, 'Electra Moto 3i - 2018', 'Electra', 'Cruisers Bicycles', 2018, 639.99),
(220, 'Electra Cruiser 1 Ladies\' - 2018', 'Electra', 'Cruisers Bicycles', 2018, 269.99),
(221, 'Electra Cruiser 7D Ladies\' - 2016/2018', 'Electra', 'Cruisers Bicycles', 2018, 319.99),
(222, 'Electra Cruiser 1 Tall - 2016/2018', 'Electra', 'Cruisers Bicycles', 2018, 269.99),
(223, 'Electra Cruiser Lux 3i - 2018', 'Electra', 'Cruisers Bicycles', 2018, 529.99),
(224, 'Electra Cruiser Lux 7D - 2018', 'Electra', 'Cruisers Bicycles', 2018, 479.99),
(225, 'Electra Delivery 3i - 2016/2017/2018', 'Electra', 'Cruisers Bicycles', 2018, 959.99),
(226, 'Electra Townie Original 21D EQ - 2017/2018', 'Electra', 'Cruisers Bicycles', 2018, 679.99),
(227, 'Electra Cruiser 7D (24-Inch) Ladies\' - 2016/2018', 'Electra', 'Cruisers Bicycles', 2018, 319.99),
(228, 'Electra Cruiser 7D Tall - 2016/2018', 'Electra', 'Cruisers Bicycles', 2018, 319.99),
(229, 'Electra Cruiser Lux 1 - 2016/2018', 'Electra', 'Cruisers Bicycles', 2018, 429.99),
(230, 'Electra Cruiser Lux 1 Ladies\' - 2018', 'Electra', 'Cruisers Bicycles', 2018, 429.99),
(231, 'Electra Cruiser Lux 3i Ladies\' - 2018', 'Electra', 'Cruisers Bicycles', 2018, 529.99),
(232, 'Electra Cruiser Lux 7D Ladies\' - 2018', 'Electra', 'Cruisers Bicycles', 2018, 479.99),
(233, 'Electra Cruiser Lux Fat Tire 7D - 2018', 'Electra', 'Cruisers Bicycles', 2018, 639.99),
(234, 'Electra Daydreamer 3i Ladies\' - 2018', 'Electra', 'Cruisers Bicycles', 2018, 899.99),
(235, 'Electra Koa 3i Ladies\' - 2018', 'Electra', 'Cruisers Bicycles', 2018, 899.99),
(236, 'Electra Morningstar 3i Ladies\' - 2018', 'Electra', 'Cruisers Bicycles', 2018, 749.99),
(237, 'Electra Relic 3i - 2018', 'Electra', 'Cruisers Bicycles', 2018, 849.99),
(238, 'Electra Townie Balloon 8D EQ - 2016/2017/2018', 'Electra', 'Cruisers Bicycles', 2018, 749.99),
(239, 'Electra Townie Balloon 8D EQ Ladies\' - 2016/2017/2018', 'Electra', 'Cruisers Bicycles', 2018, 749.99),
(240, 'Electra Townie Commute 27D Ladies - 2018', 'Electra', 'Cruisers Bicycles', 2018, 899.99),
(241, 'Electra Townie Commute 8D - 2018', 'Electra', 'Cruisers Bicycles', 2018, 749.99),
(242, 'Electra Townie Commute 8D Ladies\' - 2018', 'Electra', 'Cruisers Bicycles', 2018, 699.99),
(243, 'Electra Townie Original 21D EQ Ladies\' - 2018', 'Electra', 'Cruisers Bicycles', 2018, 679.99),
(244, 'Electra Townie Original 21D Ladies\' - 2018', 'Electra', 'Cruisers Bicycles', 2018, 559.99),
(245, 'Electra Townie Original 3i EQ - 2017/2018', 'Electra', 'Cruisers Bicycles', 2018, 659.99),
(246, 'Electra Townie Original 3i EQ Ladies\' - 2018', 'Electra', 'Cruisers Bicycles', 2018, 639.99),
(247, 'Electra Townie Original 7D EQ - 2018', 'Electra', 'Cruisers Bicycles', 2018, 599.99),
(248, 'Electra Townie Original 7D EQ Ladies\' - 2017/2018', 'Electra', 'Cruisers Bicycles', 2018, 599.99),
(249, 'Electra White Water 3i - 2018', 'Electra', 'Cruisers Bicycles', 2018, 749.99),
(250, 'Electra Townie Go! 8i - 2017/2018', 'Electra', 'Cruisers Bicycles', 2018, 2599.99),
(251, 'Electra Townie Commute Go! - 2018', 'Electra', 'Cruisers Bicycles', 2018, 2999.99),
(252, 'Electra Townie Commute Go! Ladies\' - 2018', 'Electra', 'Cruisers Bicycles', 2018, 2999.99),
(253, 'Electra Townie Go! 8i Ladies\' - 2018', 'Electra', 'Cruisers Bicycles', 2018, 2599.99),
(254, 'Electra Townie Balloon 3i EQ - 2017/2018', 'Electra', 'Cruisers Bicycles', 2018, 749.99),
(255, 'Electra Townie Balloon 7i EQ Ladies\' - 2017/2018', 'Electra', 'Cruisers Bicycles', 2018, 899.99),
(256, 'Electra Townie Commute 27D - 2018', 'Electra', 'Cruisers Bicycles', 2018, 899.99),
(257, 'Electra Amsterdam Fashion 3i Ladies\' - 2017/2018', 'Electra', 'Cruisers Bicycles', 2018, 899.99),
(258, 'Electra Amsterdam Royal 8i - 2017/2018', 'Electra', 'Cruisers Bicycles', 2018, 1259.90),
(259, 'Electra Amsterdam Royal 8i Ladies - 2018', 'Electra', 'Cruisers Bicycles', 2018, 1199.99),
(260, 'Electra Townie Balloon 3i EQ Ladies\' - 2018', 'Electra', 'Cruisers Bicycles', 2018, 799.99),
(261, 'Electra Townie Balloon 7i EQ - 2018', 'Electra', 'Cruisers Bicycles', 2018, 899.99),
(262, 'Trek MT 201 - 2018', 'Trek', 'Children Bicycles', 2018, 249.99),
(263, 'Strider Classic 12 Balance Bike - 2018', 'Strider', 'Children Bicycles', 2018, 89.99),
(264, 'Strider Sport 16 - 2018', 'Strider', 'Children Bicycles', 2018, 249.99),
(265, 'Strider Strider 20 Sport - 2018', 'Strider', 'Children Bicycles', 2018, 289.99),
(266, 'Trek Superfly 20 - 2018', 'Trek', 'Children Bicycles', 2018, 399.99),
(267, 'Trek Precaliber 12 Girl\'s - 2018', 'Trek', 'Children Bicycles', 2018, 199.99),
(268, 'Trek Kickster - 2018', 'Trek', 'Children Bicycles', 2018, 159.99),
(269, 'Trek Precaliber 12 Boy\'s - 2018', 'Trek', 'Children Bicycles', 2018, 199.99),
(270, 'Trek Precaliber 16 Boy\'s - 2018', 'Trek', 'Children Bicycles', 2018, 209.99),
(271, 'Trek Precaliber 16 Girl\'s - 2018', 'Trek', 'Children Bicycles', 2018, 209.99),
(272, 'Trek Precaliber 20 6-speed Boy\'s - 2018', 'Trek', 'Children Bicycles', 2018, 289.99),
(273, 'Trek Precaliber 20 6-speed Girl\'s - 2018', 'Trek', 'Children Bicycles', 2018, 289.99),
(274, 'Trek Precaliber 20 Boy\'s - 2018', 'Trek', 'Children Bicycles', 2018, 229.99),
(275, 'Trek Precaliber 20 Girl\'s - 2018', 'Trek', 'Children Bicycles', 2018, 229.99),
(276, 'Trek Precaliber 24 (7-Speed) - Boys - 2018', 'Trek', 'Children Bicycles', 2018, 319.99),
(277, 'Trek Precaliber 24 21-speed Boy\'s - 2018', 'Trek', 'Children Bicycles', 2018, 369.99),
(278, 'Trek Precaliber 24 21-speed Girl\'s - 2018', 'Trek', 'Children Bicycles', 2018, 369.99),
(279, 'Trek Precaliber 24 7-speed Girl\'s - 2018', 'Trek', 'Children Bicycles', 2018, 319.99),
(280, 'Trek Superfly 24 - 2017/2018', 'Trek', 'Children Bicycles', 2018, 489.99),
(281, 'Electra Cruiser 7D (24-Inch) Ladies\' - 2016/2018', 'Electra', 'Children Bicycles', 2018, 319.99),
(282, 'Electra Cyclosaurus 1 (16-inch) - Boy\'s - 2018', 'Electra', 'Children Bicycles', 2018, 279.99),
(283, 'Electra Heartchya 1 (20-inch) - Girl\'s - 2018', 'Electra', 'Children Bicycles', 2018, 319.99),
(284, 'Electra Savannah 1 (20-inch) - Girl\'s - 2018', 'Electra', 'Children Bicycles', 2018, 319.99),
(285, 'Electra Soft Serve 1 (16-inch) - Girl\'s - 2018', 'Electra', 'Children Bicycles', 2018, 279.99),
(286, 'Electra Starship 1 16\" - 2018', 'Electra', 'Children Bicycles', 2018, 279.99),
(287, 'Electra Straight 8 1 (16-inch) - Boy\'s - 2018', 'Electra', 'Children Bicycles', 2018, 279.99),
(288, 'Electra Straight 8 1 (20-inch) - Boy\'s - 2018', 'Electra', 'Children Bicycles', 2018, 389.99),
(289, 'Electra Superbolt 1 20\" - 2018', 'Electra', 'Children Bicycles', 2018, 319.99),
(290, 'Electra Superbolt 3i 20\" - 2018', 'Electra', 'Children Bicycles', 2018, 369.99),
(291, 'Electra Sweet Ride 1 (20-inch) - Girl\'s - 2018', 'Electra', 'Children Bicycles', 2018, 319.99),
(292, 'Electra Sweet Ride 3i (20-inch) - Girls\' - 2018', 'Electra', 'Children Bicycles', 2018, 369.99),
(293, 'Electra Tiger Shark 1 (20-inch) - Boys\' - 2018', 'Electra', 'Children Bicycles', 2018, 319.99),
(294, 'Electra Tiger Shark 3i (20-inch) - Boys\' - 2018', 'Electra', 'Children Bicycles', 2018, 369.99),
(295, 'Electra Treasure 1 20\" - 2018', 'Electra', 'Children Bicycles', 2018, 319.99),
(296, 'Electra Treasure 3i 20\" - 2018', 'Electra', 'Children Bicycles', 2018, 369.99),
(297, 'Electra Under-The-Sea 1 16\" - 2018', 'Electra', 'Children Bicycles', 2018, 279.99),
(298, 'Electra Water Lily 1 (16-inch) - Girl\'s - 2018', 'Electra', 'Children Bicycles', 2018, 279.99),
(299, 'Electra Townie Original 21D - 2018', 'Electra', 'Comfort Bicycles', 2018, 559.99),
(300, 'Electra Townie Balloon 3i EQ Ladies\' - 2018', 'Electra', 'Comfort Bicycles', 2018, 799.99),
(301, 'Electra Townie Balloon 7i EQ - 2018', 'Electra', 'Comfort Bicycles', 2018, 899.99),
(302, 'Electra Townie Original 1 - 2018', 'Electra', 'Comfort Bicycles', 2018, 449.99),
(303, 'Electra Townie Go! 8i - 2017/2018', 'Electra', 'Comfort Bicycles', 2018, 2599.99),
(304, 'Electra Townie Original 21D EQ - 2017/2018', 'Electra', 'Comfort Bicycles', 2018, 679.99),
(305, 'Electra Townie Balloon 3i EQ - 2017/2018', 'Electra', 'Comfort Bicycles', 2018, 749.99),
(306, 'Electra Townie Balloon 7i EQ Ladies\' - 2017/2018', 'Electra', 'Comfort Bicycles', 2018, 899.99),
(307, 'Electra Townie Balloon 8D EQ - 2016/2017/2018', 'Electra', 'Comfort Bicycles', 2018, 749.99),
(308, 'Electra Townie Balloon 8D EQ Ladies\' - 2016/2017/2018', 'Electra', 'Comfort Bicycles', 2018, 749.99),
(309, 'Electra Townie Commute 27D - 2018', 'Electra', 'Comfort Bicycles', 2018, 899.99),
(310, 'Electra Townie Commute 27D Ladies - 2018', 'Electra', 'Comfort Bicycles', 2018, 899.99),
(311, 'Electra Townie Commute 8D - 2018', 'Electra', 'Comfort Bicycles', 2018, 749.99),
(312, 'Electra Townie Commute 8D Ladies\' - 2018', 'Electra', 'Comfort Bicycles', 2018, 699.99),
(313, 'Electra Townie Original 1 Ladies\' - 2018', 'Electra', 'Comfort Bicycles', 2018, 449.99),
(314, 'Electra Townie Original 21D EQ Ladies\' - 2018', 'Electra', 'Comfort Bicycles', 2018, 679.99),
(315, 'Electra Townie Original 21D Ladies\' - 2018', 'Electra', 'Comfort Bicycles', 2018, 559.99),
(316, 'Trek Checkpoint ALR 4 Women\'s - 2019', 'Trek', 'Road Bikes', 2019, 1699.99),
(317, 'Trek Checkpoint ALR 5 - 2019', 'Trek', 'Road Bikes', 2019, 1999.99),
(318, 'Trek Checkpoint ALR 5 Women\'s - 2019', 'Trek', 'Road Bikes', 2019, 1999.99),
(319, 'Trek Checkpoint SL 5 Women\'s - 2019', 'Trek', 'Road Bikes', 2019, 2799.99),
(320, 'Trek Checkpoint SL 6 - 2019', 'Trek', 'Road Bikes', 2019, 3799.99),
(321, 'Trek Checkpoint ALR Frameset - 2019', 'Trek', 'Road Bikes', 2019, 3199.99);

-- --------------------------------------------------------

--
-- Table structure for table `Dim_Store`
--

CREATE TABLE `Dim_Store` (
  `store_id` int(11) NOT NULL,
  `store_name` varchar(100) DEFAULT NULL,
  `city` varchar(100) DEFAULT NULL,
  `state` varchar(100) DEFAULT NULL
) ENGINE=InnoDB DEFAULT CHARSET=latin1;

--
-- Dumping data for table `Dim_Store`
--

INSERT INTO `Dim_Store` (`store_id`, `store_name`, `city`, `state`) VALUES
(1, 'Santa Cruz Bikes', 'Santa Cruz', 'CA'),
(2, 'Baldwin Bikes', 'Baldwin', 'NY'),
(3, 'Rowlett Bikes', 'Rowlett', 'TX');

-- --------------------------------------------------------

--
-- Table structure for table `Fact_Stocks`
--

CREATE TABLE `Fact_Stocks` (
  `fact_id` bigint(20) NOT NULL,
  `store_id` int(11) DEFAULT NULL,
  `product_id` int(11) DEFAULT NULL,
  `date_id` int(11) DEFAULT NULL,
  `quantity` int(11) DEFAULT NULL
) ENGINE=InnoDB DEFAULT CHARSET=latin1;

--
-- Dumping data for table `Fact_Stocks`
--

INSERT INTO `Fact_Stocks` (`fact_id`, `store_id`, `product_id`, `date_id`, `quantity`) VALUES
(1, 1, 1, 722, 27),
(2, 1, 2, 722, 5),
(3, 1, 3, 722, 6),
(4, 1, 4, 722, 23),
(5, 1, 5, 722, 22),
(6, 1, 6, 722, 0),
(7, 1, 7, 722, 8),
(8, 1, 8, 722, 0),
(9, 1, 9, 722, 11),
(10, 1, 10, 722, 15),
(11, 1, 11, 722, 8),
(12, 1, 12, 722, 16),
(13, 1, 13, 722, 13),
(14, 1, 14, 722, 8),
(15, 1, 15, 722, 3),
(16, 1, 16, 722, 4),
(17, 1, 17, 722, 2),
(18, 1, 18, 722, 16),
(19, 1, 19, 722, 4),
(20, 1, 20, 722, 26),
(21, 1, 21, 722, 24),
(22, 1, 22, 722, 29),
(23, 1, 23, 722, 9),
(24, 1, 24, 722, 10),
(25, 1, 25, 722, 10),
(26, 1, 26, 722, 16),
(27, 1, 27, 722, 21),
(28, 1, 28, 722, 20),
(29, 1, 29, 722, 13),
(30, 1, 30, 722, 30),
(31, 1, 31, 722, 2),
(32, 1, 32, 722, 0),
(33, 1, 33, 722, 10),
(34, 1, 34, 722, 2),
(35, 1, 35, 722, 18),
(36, 1, 36, 722, 26),
(37, 1, 37, 722, 12),
(38, 1, 38, 722, 13),
(39, 1, 39, 722, 2),
(40, 1, 40, 722, 24),
(41, 1, 41, 722, 10),
(42, 1, 42, 722, 0),
(43, 1, 43, 722, 2),
(44, 1, 44, 722, 1),
(45, 1, 45, 722, 15),
(46, 1, 46, 722, 19),
(47, 1, 47, 722, 21),
(48, 1, 48, 722, 5),
(49, 1, 49, 722, 8),
(50, 1, 50, 722, 29),
(51, 1, 51, 722, 2),
(52, 1, 52, 722, 18),
(53, 1, 53, 722, 17),
(54, 1, 54, 722, 11),
(55, 1, 55, 722, 11),
(56, 1, 56, 722, 15),
(57, 1, 57, 722, 1),
(58, 1, 58, 722, 1),
(59, 1, 59, 722, 22),
(60, 1, 60, 722, 19),
(61, 1, 61, 722, 30),
(62, 1, 62, 722, 21),
(63, 1, 63, 722, 4),
(64, 1, 64, 722, 30),
(65, 1, 65, 722, 10),
(66, 1, 66, 722, 12),
(67, 1, 67, 722, 19),
(68, 1, 68, 722, 30),
(69, 1, 69, 722, 4),
(70, 1, 70, 722, 3),
(71, 1, 71, 722, 25),
(72, 1, 72, 722, 9),
(73, 1, 73, 722, 7),
(74, 1, 74, 722, 9),
(75, 1, 75, 722, 23),
(76, 1, 76, 722, 15),
(77, 1, 77, 722, 16),
(78, 1, 78, 722, 13),
(79, 1, 79, 722, 13),
(80, 1, 80, 722, 11),
(81, 1, 81, 722, 25),
(82, 1, 82, 722, 1),
(83, 1, 83, 722, 13),
(84, 1, 84, 722, 11),
(85, 1, 85, 722, 23),
(86, 1, 86, 722, 19),
(87, 1, 87, 722, 27),
(88, 1, 88, 722, 7),
(89, 1, 89, 722, 9),
(90, 1, 90, 722, 4),
(91, 1, 91, 722, 8),
(92, 1, 92, 722, 0),
(93, 1, 93, 722, 22),
(94, 1, 94, 722, 6),
(95, 1, 95, 722, 25),
(96, 1, 96, 722, 20),
(97, 1, 97, 722, 20),
(98, 1, 98, 722, 28),
(99, 1, 99, 722, 28),
(100, 1, 100, 722, 15),
(101, 1, 101, 722, 17),
(102, 1, 102, 722, 9),
(103, 1, 103, 722, 13),
(104, 1, 104, 722, 25),
(105, 1, 105, 722, 7),
(106, 1, 106, 722, 30),
(107, 1, 107, 722, 20),
(108, 1, 108, 722, 15),
(109, 1, 109, 722, 30),
(110, 1, 110, 722, 1),
(111, 1, 111, 722, 11),
(112, 1, 112, 722, 17),
(113, 1, 113, 722, 24),
(114, 1, 114, 722, 3),
(115, 1, 115, 722, 10),
(116, 1, 116, 722, 24),
(117, 1, 117, 722, 15),
(118, 1, 118, 722, 12),
(119, 1, 119, 722, 17),
(120, 1, 120, 722, 23),
(121, 1, 121, 722, 19),
(122, 1, 122, 722, 22),
(123, 1, 123, 722, 8),
(124, 1, 124, 722, 23),
(125, 1, 125, 722, 22),
(126, 1, 126, 722, 28),
(127, 1, 127, 722, 12),
(128, 1, 128, 722, 11),
(129, 1, 129, 722, 21),
(130, 1, 130, 722, 22),
(131, 1, 131, 722, 20),
(132, 1, 132, 722, 1),
(133, 1, 133, 722, 9),
(134, 1, 134, 722, 26),
(135, 1, 135, 722, 15),
(136, 1, 136, 722, 12),
(137, 1, 137, 722, 12),
(138, 1, 138, 722, 6),
(139, 1, 139, 722, 17),
(140, 1, 140, 722, 3),
(141, 1, 141, 722, 21),
(142, 1, 142, 722, 22),
(143, 1, 143, 722, 19),
(144, 1, 144, 722, 7),
(145, 1, 145, 722, 5),
(146, 1, 146, 722, 6),
(147, 1, 147, 722, 8),
(148, 1, 148, 722, 6),
(149, 1, 149, 722, 1),
(150, 1, 150, 722, 22),
(151, 1, 151, 722, 24),
(152, 1, 152, 722, 12),
(153, 1, 153, 722, 25),
(154, 1, 154, 722, 13),
(155, 1, 155, 722, 8),
(156, 1, 156, 722, 13),
(157, 1, 157, 722, 25),
(158, 1, 158, 722, 11),
(159, 1, 159, 722, 18),
(160, 1, 160, 722, 0),
(161, 1, 161, 722, 17),
(162, 1, 162, 722, 14),
(163, 1, 163, 722, 0),
(164, 1, 164, 722, 15),
(165, 1, 165, 722, 16),
(166, 1, 166, 722, 23),
(167, 1, 167, 722, 28),
(168, 1, 168, 722, 0),
(169, 1, 169, 722, 25),
(170, 1, 170, 722, 14),
(171, 1, 171, 722, 3),
(172, 1, 172, 722, 3),
(173, 1, 173, 722, 2),
(174, 1, 174, 722, 26),
(175, 1, 175, 722, 2),
(176, 1, 176, 722, 11),
(177, 1, 177, 722, 19),
(178, 1, 178, 722, 23),
(179, 1, 179, 722, 16),
(180, 1, 180, 722, 5),
(181, 1, 181, 722, 19),
(182, 1, 182, 722, 28),
(183, 1, 183, 722, 11),
(184, 1, 184, 722, 4),
(185, 1, 185, 722, 3),
(186, 1, 186, 722, 1),
(187, 1, 187, 722, 16),
(188, 1, 188, 722, 30),
(189, 1, 189, 722, 6),
(190, 1, 190, 722, 21),
(191, 1, 191, 722, 21),
(192, 1, 192, 722, 20),
(193, 1, 193, 722, 30),
(194, 1, 194, 722, 24),
(195, 1, 195, 722, 1),
(196, 1, 196, 722, 26),
(197, 1, 197, 722, 22),
(198, 1, 198, 722, 1),
(199, 1, 199, 722, 2),
(200, 1, 200, 722, 27),
(201, 1, 201, 722, 16),
(202, 1, 202, 722, 5),
(203, 1, 203, 722, 4),
(204, 1, 204, 722, 23),
(205, 1, 205, 722, 9),
(206, 1, 206, 722, 10),
(207, 1, 207, 722, 27),
(208, 1, 208, 722, 13),
(209, 1, 209, 722, 22),
(210, 1, 210, 722, 25),
(211, 1, 211, 722, 13),
(212, 1, 212, 722, 17),
(213, 1, 213, 722, 14),
(214, 1, 214, 722, 4),
(215, 1, 215, 722, 1),
(216, 1, 216, 722, 11),
(217, 1, 217, 722, 11),
(218, 1, 218, 722, 27),
(219, 1, 219, 722, 30),
(220, 1, 220, 722, 4),
(221, 1, 221, 722, 7),
(222, 1, 222, 722, 12),
(223, 1, 223, 722, 3),
(224, 1, 224, 722, 16),
(225, 1, 225, 722, 24),
(226, 1, 226, 722, 18),
(227, 1, 227, 722, 19),
(228, 1, 228, 722, 22),
(229, 1, 229, 722, 27),
(230, 1, 230, 722, 7),
(231, 1, 231, 722, 25),
(232, 1, 232, 722, 5),
(233, 1, 233, 722, 5),
(234, 1, 234, 722, 13),
(235, 1, 235, 722, 7),
(236, 1, 236, 722, 18),
(237, 1, 237, 722, 26),
(238, 1, 238, 722, 20),
(239, 1, 239, 722, 28),
(240, 1, 240, 722, 17),
(241, 1, 241, 722, 17),
(242, 1, 242, 722, 10),
(243, 1, 243, 722, 11),
(244, 1, 244, 722, 10),
(245, 1, 245, 722, 3),
(246, 1, 246, 722, 0),
(247, 1, 247, 722, 15),
(248, 1, 248, 722, 14),
(249, 1, 249, 722, 27),
(250, 1, 250, 722, 3),
(251, 1, 251, 722, 2),
(252, 1, 252, 722, 28),
(253, 1, 253, 722, 16),
(254, 1, 254, 722, 24),
(255, 1, 255, 722, 13),
(256, 1, 256, 722, 20),
(257, 1, 257, 722, 17),
(258, 1, 258, 722, 25),
(259, 1, 259, 722, 10),
(260, 1, 260, 722, 20),
(261, 1, 261, 722, 3),
(262, 1, 262, 722, 6),
(263, 1, 263, 722, 21),
(264, 1, 264, 722, 16),
(265, 1, 265, 722, 28),
(266, 1, 266, 722, 1),
(267, 1, 267, 722, 27),
(268, 1, 268, 722, 23),
(269, 1, 269, 722, 22),
(270, 1, 270, 722, 16),
(271, 1, 271, 722, 6),
(272, 1, 272, 722, 14),
(273, 1, 273, 722, 20),
(274, 1, 274, 722, 19),
(275, 1, 275, 722, 28),
(276, 1, 276, 722, 7),
(277, 1, 277, 722, 13),
(278, 1, 278, 722, 17),
(279, 1, 279, 722, 17),
(280, 1, 280, 722, 23),
(281, 1, 281, 722, 11),
(282, 1, 282, 722, 6),
(283, 1, 283, 722, 10),
(284, 1, 284, 722, 27),
(285, 1, 285, 722, 20),
(286, 1, 286, 722, 28),
(287, 1, 287, 722, 2),
(288, 1, 288, 722, 9),
(289, 1, 289, 722, 2),
(290, 1, 290, 722, 8),
(291, 1, 291, 722, 9),
(292, 1, 292, 722, 30),
(293, 1, 293, 722, 18),
(294, 1, 294, 722, 3),
(295, 1, 295, 722, 24),
(296, 1, 296, 722, 9),
(297, 1, 297, 722, 22),
(298, 1, 298, 722, 26),
(299, 1, 299, 722, 18),
(300, 1, 300, 722, 7),
(301, 1, 301, 722, 10),
(302, 1, 302, 722, 0),
(303, 1, 303, 722, 12),
(304, 1, 304, 722, 15),
(305, 1, 305, 722, 23),
(306, 1, 306, 722, 21),
(307, 1, 307, 722, 17),
(308, 1, 308, 722, 23),
(309, 1, 309, 722, 7),
(310, 1, 310, 722, 18),
(311, 1, 311, 722, 20),
(312, 1, 312, 722, 23),
(313, 1, 313, 722, 14),
(314, 2, 1, 722, 14),
(315, 2, 2, 722, 16),
(316, 2, 3, 722, 28),
(317, 2, 4, 722, 2),
(318, 2, 5, 722, 1),
(319, 2, 6, 722, 11),
(320, 2, 7, 722, 8),
(321, 2, 8, 722, 1),
(322, 2, 9, 722, 17),
(323, 2, 10, 722, 13),
(324, 2, 11, 722, 21),
(325, 2, 12, 722, 2),
(326, 2, 13, 722, 1),
(327, 2, 14, 722, 18),
(328, 2, 15, 722, 6),
(329, 2, 16, 722, 20),
(330, 2, 17, 722, 3),
(331, 2, 18, 722, 13),
(332, 2, 19, 722, 15),
(333, 2, 20, 722, 20),
(334, 2, 21, 722, 16),
(335, 2, 22, 722, 0),
(336, 2, 23, 722, 12),
(337, 2, 24, 722, 16),
(338, 2, 25, 722, 18),
(339, 2, 26, 722, 2),
(340, 2, 27, 722, 10),
(341, 2, 28, 722, 25),
(342, 2, 29, 722, 29),
(343, 2, 30, 722, 17),
(344, 2, 31, 722, 10),
(345, 2, 32, 722, 13),
(346, 2, 33, 722, 8),
(347, 2, 34, 722, 24),
(348, 2, 35, 722, 25),
(349, 2, 36, 722, 15),
(350, 2, 37, 722, 5),
(351, 2, 38, 722, 18),
(352, 2, 39, 722, 28),
(353, 2, 40, 722, 15),
(354, 2, 41, 722, 6),
(355, 2, 42, 722, 16),
(356, 2, 43, 722, 2),
(357, 2, 44, 722, 24),
(358, 2, 45, 722, 13),
(359, 2, 46, 722, 18),
(360, 2, 47, 722, 0),
(361, 2, 48, 722, 20),
(362, 2, 49, 722, 4),
(363, 2, 50, 722, 7),
(364, 2, 51, 722, 8),
(365, 2, 52, 722, 23),
(366, 2, 53, 722, 19),
(367, 2, 54, 722, 6),
(368, 2, 55, 722, 5),
(369, 2, 56, 722, 20),
(370, 2, 57, 722, 27),
(371, 2, 58, 722, 15),
(372, 2, 59, 722, 17),
(373, 2, 60, 722, 1),
(374, 2, 61, 722, 20),
(375, 2, 62, 722, 4),
(376, 2, 63, 722, 5),
(377, 2, 64, 722, 30),
(378, 2, 65, 722, 16),
(379, 2, 66, 722, 22),
(380, 2, 67, 722, 8),
(381, 2, 68, 722, 23),
(382, 2, 69, 722, 22),
(383, 2, 70, 722, 6),
(384, 2, 71, 722, 30),
(385, 2, 72, 722, 1),
(386, 2, 73, 722, 20),
(387, 2, 74, 722, 23),
(388, 2, 75, 722, 11),
(389, 2, 76, 722, 20),
(390, 2, 77, 722, 25),
(391, 2, 78, 722, 4),
(392, 2, 79, 722, 29),
(393, 2, 80, 722, 27),
(394, 2, 81, 722, 19),
(395, 2, 82, 722, 4),
(396, 2, 83, 722, 21),
(397, 2, 84, 722, 22),
(398, 2, 85, 722, 6),
(399, 2, 86, 722, 24),
(400, 2, 87, 722, 14),
(401, 2, 88, 722, 8),
(402, 2, 89, 722, 8),
(403, 2, 90, 722, 26),
(404, 2, 91, 722, 0),
(405, 2, 92, 722, 22),
(406, 2, 93, 722, 22),
(407, 2, 94, 722, 2),
(408, 2, 95, 722, 10),
(409, 2, 96, 722, 22),
(410, 2, 97, 722, 15),
(411, 2, 98, 722, 14),
(412, 2, 99, 722, 24),
(413, 2, 100, 722, 12),
(414, 2, 101, 722, 4),
(415, 2, 102, 722, 12),
(416, 2, 103, 722, 1),
(417, 2, 104, 722, 26),
(418, 2, 105, 722, 3),
(419, 2, 106, 722, 7),
(420, 2, 107, 722, 29),
(421, 2, 108, 722, 29),
(422, 2, 109, 722, 25),
(423, 2, 110, 722, 7),
(424, 2, 111, 722, 6),
(425, 2, 112, 722, 1),
(426, 2, 113, 722, 7),
(427, 2, 114, 722, 12),
(428, 2, 115, 722, 19),
(429, 2, 116, 722, 17),
(430, 2, 117, 722, 18),
(431, 2, 118, 722, 25),
(432, 2, 119, 722, 23),
(433, 2, 120, 722, 16),
(434, 2, 121, 722, 3),
(435, 2, 122, 722, 11),
(436, 2, 123, 722, 18),
(437, 2, 124, 722, 4),
(438, 2, 125, 722, 10),
(439, 2, 126, 722, 13),
(440, 2, 127, 722, 12),
(441, 2, 128, 722, 28),
(442, 2, 129, 722, 21),
(443, 2, 130, 722, 17),
(444, 2, 131, 722, 9),
(445, 2, 132, 722, 6),
(446, 2, 133, 722, 28),
(447, 2, 134, 722, 13),
(448, 2, 135, 722, 30),
(449, 2, 136, 722, 8),
(450, 2, 137, 722, 1),
(451, 2, 138, 722, 16),
(452, 2, 139, 722, 24),
(453, 2, 140, 722, 13),
(454, 2, 141, 722, 28),
(455, 2, 142, 722, 24),
(456, 2, 143, 722, 12),
(457, 2, 144, 722, 4),
(458, 2, 145, 722, 23),
(459, 2, 146, 722, 3),
(460, 2, 147, 722, 13),
(461, 2, 148, 722, 27),
(462, 2, 149, 722, 22),
(463, 2, 150, 722, 7),
(464, 2, 151, 722, 2),
(465, 2, 152, 722, 21),
(466, 2, 153, 722, 21),
(467, 2, 154, 722, 9),
(468, 2, 155, 722, 21),
(469, 2, 156, 722, 8),
(470, 2, 157, 722, 28),
(471, 2, 158, 722, 0),
(472, 2, 159, 722, 30),
(473, 2, 160, 722, 4),
(474, 2, 161, 722, 9),
(475, 2, 162, 722, 18),
(476, 2, 163, 722, 30),
(477, 2, 164, 722, 9),
(478, 2, 165, 722, 6),
(479, 2, 166, 722, 27),
(480, 2, 167, 722, 1),
(481, 2, 168, 722, 29),
(482, 2, 169, 722, 1),
(483, 2, 170, 722, 2),
(484, 2, 171, 722, 28),
(485, 2, 172, 722, 16),
(486, 2, 173, 722, 17),
(487, 2, 174, 722, 8),
(488, 2, 175, 722, 0),
(489, 2, 176, 722, 26),
(490, 2, 177, 722, 9),
(491, 2, 178, 722, 1),
(492, 2, 179, 722, 16),
(493, 2, 180, 722, 3),
(494, 2, 181, 722, 29),
(495, 2, 182, 722, 21),
(496, 2, 183, 722, 26),
(497, 2, 184, 722, 0),
(498, 2, 185, 722, 4),
(499, 2, 186, 722, 16),
(500, 2, 187, 722, 10),
(501, 2, 188, 722, 27),
(502, 2, 189, 722, 13),
(503, 2, 190, 722, 18),
(504, 2, 191, 722, 15),
(505, 2, 192, 722, 0),
(506, 2, 193, 722, 21),
(507, 2, 194, 722, 15),
(508, 2, 195, 722, 19),
(509, 2, 196, 722, 28),
(510, 2, 197, 722, 10),
(511, 2, 198, 722, 0),
(512, 2, 199, 722, 13),
(513, 2, 200, 722, 11),
(514, 2, 201, 722, 24),
(515, 2, 202, 722, 1),
(516, 2, 203, 722, 7),
(517, 2, 204, 722, 25),
(518, 2, 205, 722, 13),
(519, 2, 206, 722, 9),
(520, 2, 207, 722, 8),
(521, 2, 208, 722, 12),
(522, 2, 209, 722, 11),
(523, 2, 210, 722, 10),
(524, 2, 211, 722, 4),
(525, 2, 212, 722, 22),
(526, 2, 213, 722, 10),
(527, 2, 214, 722, 7),
(528, 2, 215, 722, 11),
(529, 2, 216, 722, 19),
(530, 2, 217, 722, 22),
(531, 2, 218, 722, 26),
(532, 2, 219, 722, 16),
(533, 2, 220, 722, 6),
(534, 2, 221, 722, 12),
(535, 2, 222, 722, 30),
(536, 2, 223, 722, 7),
(537, 2, 224, 722, 4),
(538, 2, 225, 722, 11),
(539, 2, 226, 722, 5),
(540, 2, 227, 722, 12),
(541, 2, 228, 722, 7),
(542, 2, 229, 722, 29),
(543, 2, 230, 722, 25),
(544, 2, 231, 722, 8),
(545, 2, 232, 722, 11),
(546, 2, 233, 722, 25),
(547, 2, 234, 722, 12),
(548, 2, 235, 722, 4),
(549, 2, 236, 722, 7),
(550, 2, 237, 722, 30),
(551, 2, 238, 722, 6),
(552, 2, 239, 722, 17),
(553, 2, 240, 722, 19),
(554, 2, 241, 722, 24),
(555, 2, 242, 722, 2),
(556, 2, 243, 722, 18),
(557, 2, 244, 722, 1),
(558, 2, 245, 722, 18),
(559, 2, 246, 722, 10),
(560, 2, 247, 722, 16),
(561, 2, 248, 722, 26),
(562, 2, 249, 722, 10),
(563, 2, 250, 722, 23),
(564, 2, 251, 722, 0),
(565, 2, 252, 722, 20),
(566, 2, 253, 722, 29),
(567, 2, 254, 722, 7),
(568, 2, 255, 722, 12),
(569, 2, 256, 722, 8),
(570, 2, 257, 722, 5),
(571, 2, 258, 722, 10),
(572, 2, 259, 722, 16),
(573, 2, 260, 722, 20),
(574, 2, 261, 722, 4),
(575, 2, 262, 722, 8),
(576, 2, 263, 722, 4),
(577, 2, 264, 722, 13),
(578, 2, 265, 722, 4),
(579, 2, 266, 722, 18),
(580, 2, 267, 722, 21),
(581, 2, 268, 722, 3),
(582, 2, 269, 722, 4),
(583, 2, 270, 722, 15),
(584, 2, 271, 722, 26),
(585, 2, 272, 722, 1),
(586, 2, 273, 722, 28),
(587, 2, 274, 722, 15),
(588, 2, 275, 722, 3),
(589, 2, 276, 722, 9),
(590, 2, 277, 722, 4),
(591, 2, 278, 722, 8),
(592, 2, 279, 722, 18),
(593, 2, 280, 722, 11),
(594, 2, 281, 722, 3),
(595, 2, 282, 722, 8),
(596, 2, 283, 722, 28),
(597, 2, 284, 722, 6),
(598, 2, 285, 722, 22),
(599, 2, 286, 722, 3),
(600, 2, 287, 722, 15),
(601, 2, 288, 722, 13),
(602, 2, 289, 722, 5),
(603, 2, 290, 722, 29),
(604, 2, 291, 722, 22),
(605, 2, 292, 722, 22),
(606, 2, 293, 722, 12),
(607, 2, 294, 722, 7),
(608, 2, 295, 722, 15),
(609, 2, 296, 722, 8),
(610, 2, 297, 722, 7),
(611, 2, 298, 722, 27),
(612, 2, 299, 722, 0),
(613, 2, 300, 722, 13),
(614, 2, 301, 722, 26),
(615, 2, 302, 722, 6),
(616, 2, 303, 722, 23),
(617, 2, 304, 722, 6),
(618, 2, 305, 722, 21),
(619, 2, 306, 722, 17),
(620, 2, 307, 722, 18),
(621, 2, 308, 722, 15),
(622, 2, 309, 722, 9),
(623, 2, 310, 722, 5),
(624, 2, 311, 722, 27),
(625, 2, 312, 722, 2),
(626, 2, 313, 722, 24),
(627, 3, 1, 722, 14),
(628, 3, 2, 722, 24),
(629, 3, 3, 722, 0),
(630, 3, 4, 722, 11),
(631, 3, 5, 722, 3),
(632, 3, 6, 722, 27),
(633, 3, 7, 722, 12),
(634, 3, 8, 722, 12),
(635, 3, 9, 722, 23),
(636, 3, 10, 722, 21),
(637, 3, 11, 722, 30),
(638, 3, 12, 722, 30),
(639, 3, 13, 722, 19),
(640, 3, 14, 722, 4),
(641, 3, 15, 722, 22),
(642, 3, 16, 722, 19),
(643, 3, 17, 722, 22),
(644, 3, 18, 722, 5),
(645, 3, 19, 722, 24),
(646, 3, 20, 722, 19),
(647, 3, 21, 722, 8),
(648, 3, 22, 722, 20),
(649, 3, 23, 722, 8),
(650, 3, 24, 722, 18),
(651, 3, 25, 722, 15),
(652, 3, 26, 722, 27),
(653, 3, 27, 722, 21),
(654, 3, 28, 722, 20),
(655, 3, 29, 722, 11),
(656, 3, 30, 722, 23),
(657, 3, 31, 722, 10),
(658, 3, 32, 722, 14),
(659, 3, 33, 722, 14),
(660, 3, 34, 722, 6),
(661, 3, 35, 722, 3),
(662, 3, 36, 722, 28),
(663, 3, 37, 722, 30),
(664, 3, 38, 722, 23),
(665, 3, 39, 722, 22),
(666, 3, 40, 722, 2),
(667, 3, 41, 722, 25),
(668, 3, 42, 722, 9),
(669, 3, 43, 722, 26),
(670, 3, 44, 722, 26),
(671, 3, 45, 722, 1),
(672, 3, 46, 722, 16),
(673, 3, 47, 722, 14),
(674, 3, 48, 722, 2),
(675, 3, 49, 722, 4),
(676, 3, 50, 722, 25),
(677, 3, 51, 722, 2),
(678, 3, 52, 722, 8),
(679, 3, 53, 722, 6),
(680, 3, 54, 722, 13),
(681, 3, 55, 722, 5),
(682, 3, 56, 722, 19),
(683, 3, 57, 722, 9),
(684, 3, 58, 722, 27),
(685, 3, 59, 722, 0),
(686, 3, 60, 722, 7),
(687, 3, 61, 722, 28),
(688, 3, 62, 722, 4),
(689, 3, 63, 722, 8),
(690, 3, 64, 722, 22),
(691, 3, 65, 722, 1),
(692, 3, 66, 722, 3),
(693, 3, 67, 722, 6),
(694, 3, 68, 722, 18),
(695, 3, 69, 722, 29),
(696, 3, 70, 722, 2),
(697, 3, 71, 722, 13),
(698, 3, 72, 722, 6),
(699, 3, 73, 722, 3),
(700, 3, 74, 722, 17),
(701, 3, 75, 722, 29),
(702, 3, 76, 722, 23),
(703, 3, 77, 722, 23),
(704, 3, 78, 722, 19),
(705, 3, 79, 722, 29),
(706, 3, 80, 722, 22),
(707, 3, 81, 722, 18),
(708, 3, 82, 722, 7),
(709, 3, 83, 722, 23),
(710, 3, 84, 722, 15),
(711, 3, 85, 722, 15),
(712, 3, 86, 722, 27),
(713, 3, 87, 722, 16),
(714, 3, 88, 722, 28),
(715, 3, 89, 722, 22),
(716, 3, 90, 722, 9),
(717, 3, 91, 722, 8),
(718, 3, 92, 722, 28),
(719, 3, 93, 722, 18),
(720, 3, 94, 722, 15),
(721, 3, 95, 722, 14),
(722, 3, 96, 722, 1),
(723, 3, 97, 722, 28),
(724, 3, 98, 722, 5),
(725, 3, 99, 722, 19),
(726, 3, 100, 722, 28),
(727, 3, 101, 722, 17),
(728, 3, 102, 722, 22),
(729, 3, 103, 722, 10),
(730, 3, 104, 722, 22),
(731, 3, 105, 722, 1),
(732, 3, 106, 722, 1),
(733, 3, 107, 722, 11),
(734, 3, 108, 722, 23),
(735, 3, 109, 722, 24),
(736, 3, 110, 722, 11),
(737, 3, 111, 722, 29),
(738, 3, 112, 722, 24),
(739, 3, 113, 722, 23),
(740, 3, 114, 722, 12),
(741, 3, 115, 722, 25),
(742, 3, 116, 722, 30),
(743, 3, 117, 722, 23),
(744, 3, 118, 722, 9),
(745, 3, 119, 722, 29),
(746, 3, 120, 722, 25),
(747, 3, 121, 722, 4),
(748, 3, 122, 722, 8),
(749, 3, 123, 722, 15),
(750, 3, 124, 722, 11),
(751, 3, 125, 722, 2),
(752, 3, 126, 722, 5),
(753, 3, 127, 722, 4),
(754, 3, 128, 722, 20),
(755, 3, 129, 722, 10),
(756, 3, 130, 722, 20),
(757, 3, 131, 722, 23),
(758, 3, 132, 722, 16),
(759, 3, 133, 722, 16),
(760, 3, 134, 722, 17),
(761, 3, 135, 722, 15),
(762, 3, 136, 722, 4),
(763, 3, 137, 722, 17),
(764, 3, 138, 722, 17),
(765, 3, 139, 722, 21),
(766, 3, 140, 722, 3),
(767, 3, 141, 722, 4),
(768, 3, 142, 722, 29),
(769, 3, 143, 722, 9),
(770, 3, 144, 722, 9),
(771, 3, 145, 722, 11),
(772, 3, 146, 722, 9),
(773, 3, 147, 722, 3),
(774, 3, 148, 722, 6),
(775, 3, 149, 722, 1),
(776, 3, 150, 722, 21),
(777, 3, 151, 722, 1),
(778, 3, 152, 722, 1),
(779, 3, 153, 722, 7),
(780, 3, 154, 722, 22),
(781, 3, 155, 722, 25),
(782, 3, 156, 722, 14),
(783, 3, 157, 722, 12),
(784, 3, 158, 722, 17),
(785, 3, 159, 722, 6),
(786, 3, 160, 722, 27),
(787, 3, 161, 722, 11),
(788, 3, 162, 722, 11),
(789, 3, 163, 722, 11),
(790, 3, 164, 722, 18),
(791, 3, 165, 722, 19),
(792, 3, 166, 722, 27),
(793, 3, 167, 722, 8),
(794, 3, 168, 722, 23),
(795, 3, 169, 722, 3),
(796, 3, 170, 722, 13),
(797, 3, 171, 722, 11),
(798, 3, 172, 722, 22),
(799, 3, 173, 722, 15),
(800, 3, 174, 722, 1),
(801, 3, 175, 722, 3),
(802, 3, 176, 722, 6),
(803, 3, 177, 722, 2),
(804, 3, 178, 722, 12),
(805, 3, 179, 722, 20),
(806, 3, 180, 722, 6),
(807, 3, 181, 722, 8),
(808, 3, 182, 722, 28),
(809, 3, 183, 722, 26),
(810, 3, 184, 722, 21),
(811, 3, 185, 722, 15),
(812, 3, 186, 722, 30),
(813, 3, 187, 722, 2),
(814, 3, 188, 722, 29),
(815, 3, 189, 722, 20),
(816, 3, 190, 722, 20),
(817, 3, 191, 722, 23),
(818, 3, 192, 722, 10),
(819, 3, 193, 722, 5),
(820, 3, 194, 722, 20),
(821, 3, 195, 722, 20),
(822, 3, 196, 722, 25),
(823, 3, 197, 722, 8),
(824, 3, 198, 722, 27),
(825, 3, 199, 722, 5),
(826, 3, 200, 722, 29),
(827, 3, 201, 722, 30),
(828, 3, 202, 722, 11),
(829, 3, 203, 722, 6),
(830, 3, 204, 722, 16),
(831, 3, 205, 722, 3),
(832, 3, 206, 722, 29),
(833, 3, 207, 722, 29),
(834, 3, 208, 722, 12),
(835, 3, 209, 722, 1),
(836, 3, 210, 722, 22),
(837, 3, 211, 722, 3),
(838, 3, 212, 722, 23),
(839, 3, 213, 722, 10),
(840, 3, 214, 722, 30),
(841, 3, 215, 722, 12),
(842, 3, 216, 722, 5),
(843, 3, 217, 722, 4),
(844, 3, 218, 722, 21),
(845, 3, 219, 722, 29),
(846, 3, 220, 722, 0),
(847, 3, 221, 722, 25),
(848, 3, 222, 722, 12),
(849, 3, 223, 722, 29),
(850, 3, 224, 722, 23),
(851, 3, 225, 722, 12),
(852, 3, 226, 722, 14),
(853, 3, 227, 722, 22),
(854, 3, 228, 722, 29),
(855, 3, 229, 722, 7),
(856, 3, 230, 722, 29),
(857, 3, 231, 722, 6),
(858, 3, 232, 722, 16),
(859, 3, 233, 722, 9),
(860, 3, 234, 722, 24),
(861, 3, 235, 722, 1),
(862, 3, 236, 722, 3),
(863, 3, 237, 722, 16),
(864, 3, 238, 722, 12),
(865, 3, 239, 722, 29),
(866, 3, 240, 722, 26),
(867, 3, 241, 722, 8),
(868, 3, 242, 722, 5),
(869, 3, 243, 722, 7),
(870, 3, 244, 722, 5),
(871, 3, 245, 722, 10),
(872, 3, 246, 722, 7),
(873, 3, 247, 722, 3),
(874, 3, 248, 722, 11),
(875, 3, 249, 722, 6),
(876, 3, 250, 722, 16),
(877, 3, 251, 722, 10),
(878, 3, 252, 722, 27),
(879, 3, 253, 722, 15),
(880, 3, 254, 722, 4),
(881, 3, 255, 722, 17),
(882, 3, 256, 722, 1),
(883, 3, 257, 722, 25),
(884, 3, 258, 722, 10),
(885, 3, 259, 722, 0),
(886, 3, 260, 722, 5),
(887, 3, 261, 722, 24),
(888, 3, 262, 722, 29),
(889, 3, 263, 722, 21),
(890, 3, 264, 722, 7),
(891, 3, 265, 722, 22),
(892, 3, 266, 722, 18),
(893, 3, 267, 722, 12),
(894, 3, 268, 722, 17),
(895, 3, 269, 722, 26),
(896, 3, 270, 722, 6),
(897, 3, 271, 722, 23),
(898, 3, 272, 722, 12),
(899, 3, 273, 722, 19),
(900, 3, 274, 722, 7),
(901, 3, 275, 722, 23),
(902, 3, 276, 722, 14),
(903, 3, 277, 722, 26),
(904, 3, 278, 722, 15),
(905, 3, 279, 722, 15),
(906, 3, 280, 722, 1),
(907, 3, 281, 722, 2),
(908, 3, 282, 722, 18),
(909, 3, 283, 722, 1),
(910, 3, 284, 722, 26),
(911, 3, 285, 722, 2),
(912, 3, 286, 722, 7),
(913, 3, 287, 722, 26),
(914, 3, 288, 722, 2),
(915, 3, 289, 722, 2),
(916, 3, 290, 722, 6),
(917, 3, 291, 722, 10),
(918, 3, 292, 722, 16),
(919, 3, 293, 722, 14),
(920, 3, 294, 722, 13),
(921, 3, 295, 722, 9),
(922, 3, 296, 722, 12),
(923, 3, 297, 722, 22),
(924, 3, 298, 722, 14),
(925, 3, 299, 722, 29),
(926, 3, 300, 722, 3),
(927, 3, 301, 722, 29),
(928, 3, 302, 722, 6),
(929, 3, 303, 722, 13),
(930, 3, 304, 722, 23),
(931, 3, 305, 722, 11),
(932, 3, 306, 722, 7),
(933, 3, 307, 722, 17),
(934, 3, 308, 722, 9),
(935, 3, 309, 722, 30),
(936, 3, 310, 722, 8),
(937, 3, 311, 722, 23),
(938, 3, 312, 722, 18),
(939, 3, 313, 722, 0);

--
-- Indexes for dumped tables
--

--
-- Indexes for table `Dim_Date`
--
ALTER TABLE `Dim_Date`
  ADD PRIMARY KEY (`date_id`);

--
-- Indexes for table `Dim_Product`
--
ALTER TABLE `Dim_Product`
  ADD PRIMARY KEY (`product_id`);

--
-- Indexes for table `Dim_Store`
--
ALTER TABLE `Dim_Store`
  ADD PRIMARY KEY (`store_id`);

--
-- Indexes for table `Fact_Stocks`
--
ALTER TABLE `Fact_Stocks`
  ADD PRIMARY KEY (`fact_id`),
  ADD KEY `store_id` (`store_id`),
  ADD KEY `product_id` (`product_id`),
  ADD KEY `date_id` (`date_id`);

--
-- AUTO_INCREMENT for dumped tables
--

--
-- AUTO_INCREMENT for table `Fact_Stocks`
--
ALTER TABLE `Fact_Stocks`
  MODIFY `fact_id` bigint(20) NOT NULL AUTO_INCREMENT, AUTO_INCREMENT=940;

--
-- Constraints for dumped tables
--

--
-- Constraints for table `Fact_Stocks`
--
ALTER TABLE `Fact_Stocks`
  ADD CONSTRAINT `Fact_Stocks_ibfk_1` FOREIGN KEY (`store_id`) REFERENCES `Dim_Store` (`store_id`),
  ADD CONSTRAINT `Fact_Stocks_ibfk_2` FOREIGN KEY (`product_id`) REFERENCES `Dim_Product` (`product_id`),
  ADD CONSTRAINT `Fact_Stocks_ibfk_3` FOREIGN KEY (`date_id`) REFERENCES `Dim_Date` (`date_id`);
COMMIT;

/*!40101 SET CHARACTER_SET_CLIENT=@OLD_CHARACTER_SET_CLIENT */;
/*!40101 SET CHARACTER_SET_RESULTS=@OLD_CHARACTER_SET_RESULTS */;
/*!40101 SET COLLATION_CONNECTION=@OLD_COLLATION_CONNECTION */;
